Datetime_0day,Datetime_1day,Datetime_2day,WS_extract_0day,WD_extract_0day,WS_extract_1day,WD_extract_1day,WS_extract_2day,WD_extract_2day
2020-06-01T00:59:00,2020-05-31T00:59:00,2020-05-30T00:59:00,0,0,0,0,8,220
2020-06-01T01:59:00,2020-05-31T01:59:00,2020-05-30T01:59:00,7,110,3,280,7,230
2020-06-01T02:59:00,2020-05-31T02:59:00,2020-05-30T02:59:00,0,0,11,360,9,240
2020-06-01T03:59:00,2020-05-31T03:59:00,2020-05-30T03:59:00,5,280,17,360,7,230
2020-06-01T04:59:00,2020-05-31T04:59:00,2020-05-30T04:59:00,8,340,21,10,7,230
2020-06-01T05:59:00,2020-05-31T05:59:00,2020-05-30T05:59:00,16,70,13,10,7,230
2020-06-01T06:59:00,2020-05-31T06:59:00,2020-05-30T06:59:00,16,60,13,360,7,230
2020-06-01T07:59:00,2020-05-31T07:59:00,2020-05-30T07:59:00,15,30,16,20,7,270
2020-06-01T08:59:00,2020-05-31T08:59:00,2020-05-30T08:59:00,14,60,17,10,9,270
2020-06-01T09:59:00,2020-05-31T09:59:00,2020-05-30T09:59:00,11,70,17,20,8,310
2020-06-01T10:59:00,2020-05-31T10:59:00,2020-05-30T10:59:00,11,60,17,10,7,10
2020-06-01T11:59:00,2020-05-31T11:59:00,2020-05-30T11:59:00,6,60,15,10,8,50
2020-06-01T12:59:00,2020-05-31T12:59:00,2020-05-30T12:59:00,5,60,16,30,10,50
2020-06-01T13:59:00,2020-05-31T13:59:00,2020-05-30T13:59:00,0,0,14,40,10,50
2020-06-01T14:59:00,2020-05-31T14:59:00,2020-05-30T14:59:00,3,0,16,50,10,20
2020-06-01T15:59:00,2020-05-31T15:59:00,2020-05-30T15:59:00,3,40,11,50,5,80
2020-06-01T16:59:00,2020-05-31T16:59:00,2020-05-30T16:59:00,7,90,9,20,6,100
2020-06-01T17:59:00,2020-05-31T17:59:00,2020-05-30T17:59:00,7,90,7,40,3,140
2020-06-01T18:59:00,2020-05-31T18:59:00,2020-05-30T18:59:00,9,160,3,80,0,0
2020-06-01T19:59:00,2020-05-31T19:59:00,2020-05-30T19:59:00,6,150,0,0,0,0
2020-06-01T20:59:00,2020-05-31T20:59:00,2020-05-30T20:59:00,5,160,0,0,0,0
2020-06-01T21:59:00,2020-05-31T21:59:00,2020-05-30T21:59:00,7,180,5,170,0,0
2020-06-01T22:59:00,2020-05-31T22:59:00,2020-05-30T22:59:00,8,200,0,0,0,0
2020-06-01T23:59:00,2020-05-31T23:59:00,2020-05-30T23:59:00,7,200,0,0,0,0
2020-06-03T00:59:00,2020-06-02T00:59:00,2020-06-01T00:59:00,11,220,10,200,0,0
2020-06-03T01:59:00,2020-06-02T01:59:00,2020-06-01T01:59:00,9,230,10,200,7,110
2020-06-03T02:59:00,2020-06-02T02:59:00,2020-06-01T02:59:00,11,230,8,200,0,0
2020-06-03T03:59:00,2020-06-02T03:59:00,2020-06-01T03:59:00,7,230,8,200,5,280
2020-06-03T04:59:00,2020-06-02T04:59:00,2020-06-01T04:59:00,7,230,10,200,8,340
2020-06-03T05:59:00,2020-06-02T05:59:00,2020-06-01T05:59:00,11,230,7,200,16,70
2020-06-03T06:59:00,2020-06-02T06:59:00,2020-06-01T06:59:00,11,240,8,200,16,60
2020-06-03T07:59:00,2020-06-02T07:59:00,2020-06-01T07:59:00,7,230,13,220,15,30
2020-06-03T08:59:00,2020-06-02T08:59:00,2020-06-01T08:59:00,9,220,10,220,14,60
2020-06-03T09:59:00,2020-06-02T09:59:00,2020-06-01T09:59:00,11,240,9,220,11,70
2020-06-03T10:59:00,2020-06-02T10:59:00,2020-06-01T10:59:00,14,230,13,230,11,60
2020-06-03T11:59:00,2020-06-02T11:59:00,2020-06-01T11:59:00,15,220,8,250,6,60
2020-06-03T12:59:00,2020-06-02T12:59:00,2020-06-01T12:59:00,16,260,13,230,5,60
2020-06-03T13:59:00,2020-06-02T13:59:00,2020-06-01T13:59:00,14,250,13,240,0,0
2020-06-03T14:59:00,2020-06-02T14:59:00,2020-06-01T14:59:00,11,240,8,240,3,0
2020-06-03T15:59:00,2020-06-02T15:59:00,2020-06-01T15:59:00,13,250,13,250,3,40
2020-06-03T16:59:00,2020-06-02T16:59:00,2020-06-01T16:59:00,14,250,11,250,7,90
2020-06-03T17:59:00,2020-06-02T17:59:00,2020-06-01T17:59:00,13,230,8,220,7,90
2020-06-03T18:59:00,2020-06-02T18:59:00,2020-06-01T18:59:00,9,230,8,210,9,160
2020-06-03T19:59:00,2020-06-02T19:59:00,2020-06-01T19:59:00,8,220,8,200,6,150
2020-06-03T20:59:00,2020-06-02T20:59:00,2020-06-01T20:59:00,8,220,9,210,5,160
2020-06-03T21:59:00,2020-06-02T21:59:00,2020-06-01T21:59:00,8,220,10,210,7,180
2020-06-03T22:59:00,2020-06-02T22:59:00,2020-06-01T22:59:00,10,240,13,210,8,200
2020-06-03T23:59:00,2020-06-02T23:59:00,2020-06-01T23:59:00,11,240,11,220,7,200
2020-06-05T00:59:00,2020-06-04T00:59:00,2020-06-03T00:59:00,9,220,9,240,11,220
2020-06-05T01:59:00,2020-06-04T01:59:00,2020-06-03T01:59:00,9,210,9,220,9,230
2020-06-05T02:59:00,2020-06-04T02:59:00,2020-06-03T02:59:00,9,220,9,230,11,230
2020-06-05T03:59:00,2020-06-04T03:59:00,2020-06-03T03:59:00,8,210,6,210,7,230
2020-06-05T04:59:00,2020-06-04T04:59:00,2020-06-03T04:59:00,7,210,6,220,7,230
2020-06-05T05:59:00,2020-06-04T05:59:00,2020-06-03T05:59:00,10,210,6,220,11,230
2020-06-05T06:59:00,2020-06-04T06:59:00,2020-06-03T06:59:00,6,210,8,220,11,240
2020-06-05T07:59:00,2020-06-04T07:59:00,2020-06-03T07:59:00,7,200,8,220,7,230
2020-06-05T08:59:00,2020-06-04T08:59:00,2020-06-03T08:59:00,7,200,8,220,9,220
2020-06-05T09:59:00,2020-06-04T09:59:00,2020-06-03T09:59:00,13,220,8,220,11,240
2020-06-05T10:59:00,2020-06-04T10:59:00,2020-06-03T10:59:00,14,210,0,0,14,230
2020-06-05T11:59:00,2020-06-04T11:59:00,2020-06-03T11:59:00,7,200,5,200,15,220
2020-06-05T12:59:00,2020-06-04T12:59:00,2020-06-03T12:59:00,16,200,10,70,16,260
2020-06-05T13:59:00,2020-06-04T13:59:00,2020-06-03T13:59:00,14,190,7,70,14,250
2020-06-05T14:59:00,2020-06-04T14:59:00,2020-06-03T14:59:00,13,190,9,70,11,240
2020-06-05T15:59:00,2020-06-04T15:59:00,2020-06-03T15:59:00,10,190,15,220,13,250
2020-06-05T16:59:00,2020-06-04T16:59:00,2020-06-03T16:59:00,11,190,14,200,14,250
2020-06-05T17:59:00,2020-06-04T17:59:00,2020-06-03T17:59:00,7,190,11,210,13,230
2020-06-05T18:59:00,2020-06-04T18:59:00,2020-06-03T18:59:00,9,200,9,210,9,230
2020-06-05T19:59:00,2020-06-04T19:59:00,2020-06-03T19:59:00,7,200,10,200,8,220
2020-06-05T20:59:00,2020-06-04T20:59:00,2020-06-03T20:59:00,6,190,9,200,8,220
2020-06-05T21:59:00,2020-06-04T21:59:00,2020-06-03T21:59:00,7,200,9,200,8,220
2020-06-05T22:59:00,2020-06-04T22:59:00,2020-06-03T22:59:00,8,190,9,200,10,240
2020-06-05T23:59:00,2020-06-04T23:59:00,2020-06-03T23:59:00,10,200,9,200,11,240
2020-06-08T00:59:00,2020-06-07T00:59:00,2020-06-06T00:59:00,0,0,8,240,8,210
2020-06-08T01:59:00,2020-06-07T01:59:00,2020-06-06T01:59:00,0,0,8,240,7,210
2020-06-08T02:59:00,2020-06-07T02:59:00,2020-06-06T02:59:00,0,0,0,0,7,210
2020-06-08T03:59:00,2020-06-07T03:59:00,2020-06-06T03:59:00,0,0,3,270,6,310
2020-06-08T04:59:00,2020-06-07T04:59:00,2020-06-06T04:59:00,0,0,8,310,0,0
2020-06-08T05:59:00,2020-06-07T05:59:00,2020-06-06T05:59:00,3,220,5,360,3,190
2020-06-08T06:59:00,2020-06-07T06:59:00,2020-06-06T06:59:00,5,240,6,10,3,250
2020-06-08T07:59:00,2020-06-07T07:59:00,2020-06-06T07:59:00,6,240,13,10,5,270
2020-06-08T08:59:00,2020-06-07T08:59:00,2020-06-06T08:59:00,9,350,11,10,7,270
2020-06-08T09:59:00,2020-06-07T09:59:00,2020-06-06T09:59:00,7,30,16,10,10,270
2020-06-08T10:59:00,2020-06-07T10:59:00,2020-06-06T10:59:00,3,30,11,10,7,270
2020-06-08T11:59:00,2020-06-07T11:59:00,2020-06-06T11:59:00,7,330,10,10,7,280
2020-06-08T12:59:00,2020-06-07T12:59:00,2020-06-06T12:59:00,5,330,10,30,9,260
2020-06-08T13:59:00,2020-06-07T13:59:00,2020-06-06T13:59:00,8,310,13,40,9,300
2020-06-08T14:59:00,2020-06-07T14:59:00,2020-06-06T14:59:00,6,350,9,30,8,270
2020-06-08T15:59:00,2020-06-07T15:59:00,2020-06-06T15:59:00,3,350,11,40,8,280
2020-06-08T16:59:00,2020-06-07T16:59:00,2020-06-06T16:59:00,3,350,6,60,8,270
2020-06-08T17:59:00,2020-06-07T17:59:00,2020-06-06T17:59:00,8,50,8,40,7,230
2020-06-08T18:59:00,2020-06-07T18:59:00,2020-06-06T18:59:00,3,120,7,40,6,240
2020-06-08T19:59:00,2020-06-07T19:59:00,2020-06-06T19:59:00,7,140,0,0,6,220
2020-06-08T20:59:00,2020-06-07T20:59:00,2020-06-06T20:59:00,5,130,0,0,7,230
2020-06-08T21:59:00,2020-06-07T21:59:00,2020-06-06T21:59:00,3,140,3,130,8,240
2020-06-08T22:59:00,2020-06-07T22:59:00,2020-06-06T22:59:00,5,170,5,190,8,240
2020-06-08T23:59:00,2020-06-07T23:59:00,2020-06-06T23:59:00,5,180,3,200,8,240
2020-06-10T00:59:00,2020-06-09T00:59:00,2020-06-08T00:59:00,8,200,7,210,0,0
2020-06-10T01:59:00,2020-06-09T01:59:00,2020-06-08T01:59:00,11,210,7,220,0,0
2020-06-10T02:59:00,2020-06-09T02:59:00,2020-06-08T02:59:00,10,210,7,220,0,0
2020-06-10T03:59:00,2020-06-09T03:59:00,2020-06-08T03:59:00,7,210,5,210,0,0
2020-06-10T04:59:00,2020-06-09T04:59:00,2020-06-08T04:59:00,9,210,3,210,0,0
2020-06-10T05:59:00,2020-06-09T05:59:00,2020-06-08T05:59:00,8,210,5,220,3,220
2020-06-10T06:59:00,2020-06-09T06:59:00,2020-06-08T06:59:00,11,220,6,220,5,240
2020-06-10T07:59:00,2020-06-09T07:59:00,2020-06-08T07:59:00,10,230,5,220,6,240
2020-06-10T08:59:00,2020-06-09T08:59:00,2020-06-08T08:59:00,9,200,9,230,9,350
2020-06-10T09:59:00,2020-06-09T09:59:00,2020-06-08T09:59:00,8,200,3,240,7,30
2020-06-10T10:59:00,2020-06-09T10:59:00,2020-06-08T10:59:00,8,200,0,0,3,30
2020-06-10T11:59:00,2020-06-09T11:59:00,2020-06-08T11:59:00,11,210,8,0,7,330
2020-06-10T12:59:00,2020-06-09T12:59:00,2020-06-08T12:59:00,11,190,7,80,5,330
2020-06-10T13:59:00,2020-06-09T13:59:00,2020-06-08T13:59:00,13,200,10,60,8,310
2020-06-10T14:59:00,2020-06-09T14:59:00,2020-06-08T14:59:00,14,190,11,90,6,350
2020-06-10T15:59:00,2020-06-09T15:59:00,2020-06-08T15:59:00,10,180,9,110,3,350
2020-06-10T16:59:00,2020-06-09T16:59:00,2020-06-08T16:59:00,10,200,7,90,3,350
2020-06-10T17:59:00,2020-06-09T17:59:00,2020-06-08T17:59:00,16,200,7,220,8,50
2020-06-10T18:59:00,2020-06-09T18:59:00,2020-06-08T18:59:00,16,190,7,150,3,120
2020-06-10T19:59:00,2020-06-09T19:59:00,2020-06-08T19:59:00,13,190,7,180,7,140
2020-06-10T20:59:00,2020-06-09T20:59:00,2020-06-08T20:59:00,15,200,10,190,5,130
2020-06-10T21:59:00,2020-06-09T21:59:00,2020-06-08T21:59:00,16,200,8,190,3,140
2020-06-10T22:59:00,2020-06-09T22:59:00,2020-06-08T22:59:00,13,200,13,200,5,170
2020-06-10T23:59:00,2020-06-09T23:59:00,2020-06-08T23:59:00,17,200,13,200,5,180
2020-06-12T00:59:00,2020-06-11T00:59:00,2020-06-10T00:59:00,7,220,10,200,8,200
2020-06-12T01:59:00,2020-06-11T01:59:00,2020-06-10T01:59:00,7,220,14,200,11,210
2020-06-12T02:59:00,2020-06-11T02:59:00,2020-06-10T02:59:00,7,220,10,200,10,210
2020-06-12T03:59:00,2020-06-11T03:59:00,2020-06-10T03:59:00,7,220,11,190,7,210
2020-06-12T04:59:00,2020-06-11T04:59:00,2020-06-10T04:59:00,7,220,11,190,9,210
2020-06-12T05:59:00,2020-06-11T05:59:00,2020-06-10T05:59:00,7,220,9,190,8,210
2020-06-12T06:59:00,2020-06-11T06:59:00,2020-06-10T06:59:00,7,220,11,190,11,220
2020-06-12T07:59:00,2020-06-11T07:59:00,2020-06-10T07:59:00,7,220,10,210,10,230
2020-06-12T08:59:00,2020-06-11T08:59:00,2020-06-10T08:59:00,10,10,11,190,9,200
2020-06-12T09:59:00,2020-06-11T09:59:00,2020-06-10T09:59:00,13,20,21,230,8,200
2020-06-12T10:59:00,2020-06-11T10:59:00,2020-06-10T10:59:00,11,10,10,230,8,200
2020-06-12T11:59:00,2020-06-11T11:59:00,2020-06-10T11:59:00,11,10,9,200,11,210
2020-06-12T12:59:00,2020-06-11T12:59:00,2020-06-10T12:59:00,11,40,9,200,11,190
2020-06-12T13:59:00,2020-06-11T13:59:00,2020-06-10T13:59:00,10,20,9,200,13,200
2020-06-12T14:59:00,2020-06-11T14:59:00,2020-06-10T14:59:00,6,40,9,200,14,190
2020-06-12T15:59:00,2020-06-11T15:59:00,2020-06-10T15:59:00,7,50,9,200,10,180
2020-06-12T16:59:00,2020-06-11T16:59:00,2020-06-10T16:59:00,6,60,9,200,10,200
2020-06-12T17:59:00,2020-06-11T17:59:00,2020-06-10T17:59:00,5,70,9,200,16,200
2020-06-12T18:59:00,2020-06-11T18:59:00,2020-06-10T18:59:00,5,130,9,200,16,190
2020-06-12T19:59:00,2020-06-11T19:59:00,2020-06-10T19:59:00,5,140,9,220,13,190
2020-06-12T20:59:00,2020-06-11T20:59:00,2020-06-10T20:59:00,0,0,14,210,15,200
2020-06-12T21:59:00,2020-06-11T21:59:00,2020-06-10T21:59:00,0,0,13,210,16,200
2020-06-12T22:59:00,2020-06-11T22:59:00,2020-06-10T22:59:00,0,0,11,210,13,200
2020-06-12T23:59:00,2020-06-11T23:59:00,2020-06-10T23:59:00,0,0,7,220,17,200
2020-06-15T00:59:00,2020-06-14T00:59:00,2020-06-13T00:59:00,11,70,8,80,0,0
2020-06-15T01:59:00,2020-06-14T01:59:00,2020-06-13T01:59:00,17,70,7,70,0,0
2020-06-15T02:59:00,2020-06-14T02:59:00,2020-06-13T02:59:00,13,80,8,60,10,320
2020-06-15T03:59:00,2020-06-14T03:59:00,2020-06-13T03:59:00,13,80,10,80,7,340
2020-06-15T04:59:00,2020-06-14T04:59:00,2020-06-13T04:59:00,13,80,7,80,13,10
2020-06-15T05:59:00,2020-06-14T05:59:00,2020-06-13T05:59:00,13,80,8,90,21,20
2020-06-15T06:59:00,2020-06-14T06:59:00,2020-06-13T06:59:00,15,40,11,70,16,30
2020-06-15T07:59:00,2020-06-14T07:59:00,2020-06-13T07:59:00,15,40,11,70,17,30
2020-06-15T08:59:00,2020-06-14T08:59:00,2020-06-13T08:59:00,11,60,14,70,13,50
2020-06-15T09:59:00,2020-06-14T09:59:00,2020-06-13T09:59:00,11,60,15,70,16,40
2020-06-15T10:59:00,2020-06-14T10:59:00,2020-06-13T10:59:00,11,60,18,80,21,70
2020-06-15T11:59:00,2020-06-14T11:59:00,2020-06-13T11:59:00,11,60,17,70,18,70
2020-06-15T12:59:00,2020-06-14T12:59:00,2020-06-13T12:59:00,16,50,18,80,13,70
2020-06-15T13:59:00,2020-06-14T13:59:00,2020-06-13T13:59:00,16,50,15,70,17,70
2020-06-15T14:59:00,2020-06-14T14:59:00,2020-06-13T14:59:00,20,50,17,60,14,80
2020-06-15T15:59:00,2020-06-14T15:59:00,2020-06-13T15:59:00,20,50,13,70,17,70
2020-06-15T16:59:00,2020-06-14T16:59:00,2020-06-13T16:59:00,20,50,13,80,15,80
2020-06-15T17:59:00,2020-06-14T17:59:00,2020-06-13T17:59:00,20,50,11,70,14,90
2020-06-15T18:59:00,2020-06-14T18:59:00,2020-06-13T18:59:00,20,50,11,70,10,90
2020-06-15T19:59:00,2020-06-14T19:59:00,2020-06-13T19:59:00,20,50,11,70,8,90
2020-06-15T20:59:00,2020-06-14T20:59:00,2020-06-13T20:59:00,20,50,15,70,6,120
2020-06-15T21:59:00,2020-06-14T21:59:00,2020-06-13T21:59:00,20,50,14,60,8,90
2020-06-15T22:59:00,2020-06-14T22:59:00,2020-06-13T22:59:00,20,50,13,60,9,90
2020-06-15T23:59:00,2020-06-14T23:59:00,2020-06-13T23:59:00,20,50,13,60,9,80
2020-06-17T00:59:00,2020-06-16T00:59:00,2020-06-15T00:59:00,15,50,20,50,11,70
2020-06-17T01:59:00,2020-06-16T01:59:00,2020-06-15T01:59:00,10,40,20,50,17,70
2020-06-17T02:59:00,2020-06-16T02:59:00,2020-06-15T02:59:00,13,60,20,50,13,80
2020-06-17T03:59:00,2020-06-16T03:59:00,2020-06-15T03:59:00,21,90,20,50,13,80
2020-06-17T04:59:00,2020-06-16T04:59:00,2020-06-15T04:59:00,22,80,20,50,13,80
2020-06-17T05:59:00,2020-06-16T05:59:00,2020-06-15T05:59:00,17,70,20,50,13,80
2020-06-17T06:59:00,2020-06-16T06:59:00,2020-06-15T06:59:00,13,70,20,50,15,40
2020-06-17T07:59:00,2020-06-16T07:59:00,2020-06-15T07:59:00,13,80,20,50,15,40
2020-06-17T08:59:00,2020-06-16T08:59:00,2020-06-15T08:59:00,15,70,18,60,11,60
2020-06-17T09:59:00,2020-06-16T09:59:00,2020-06-15T09:59:00,22,90,21,60,11,60
2020-06-17T10:59:00,2020-06-16T10:59:00,2020-06-15T10:59:00,16,80,21,60,11,60
2020-06-17T11:59:00,2020-06-16T11:59:00,2020-06-15T11:59:00,13,80,21,60,11,60
2020-06-17T12:59:00,2020-06-16T12:59:00,2020-06-15T12:59:00,14,70,21,60,16,50
2020-06-17T13:59:00,2020-06-16T13:59:00,2020-06-15T13:59:00,13,70,21,60,16,50
2020-06-17T14:59:00,2020-06-16T14:59:00,2020-06-15T14:59:00,9,80,21,60,20,50
2020-06-17T15:59:00,2020-06-16T15:59:00,2020-06-15T15:59:00,14,70,21,60,20,50
2020-06-17T16:59:00,2020-06-16T16:59:00,2020-06-15T16:59:00,10,80,21,60,20,50
2020-06-17T17:59:00,2020-06-16T17:59:00,2020-06-15T17:59:00,10,70,21,60,20,50
2020-06-17T18:59:00,2020-06-16T18:59:00,2020-06-15T18:59:00,13,80,21,60,20,50
2020-06-17T19:59:00,2020-06-16T19:59:00,2020-06-15T19:59:00,8,90,21,60,20,50
2020-06-17T20:59:00,2020-06-16T20:59:00,2020-06-15T20:59:00,8,120,21,60,20,50
2020-06-17T21:59:00,2020-06-16T21:59:01,2020-06-15T21:59:00,7,140,21,60,20,50
2020-06-17T22:59:00,2020-06-16T22:59:02,2020-06-15T22:59:00,6,170,21,60,20,50
2020-06-17T23:59:00,2020-06-16T23:59:03,2020-06-15T23:59:00,5,200,21,60,20,50
2020-06-19T00:59:00,2020-06-18T00:59:00,2020-06-17T00:59:00,8,210,3,190,15,50
2020-06-19T01:59:00,2020-06-18T01:59:00,2020-06-17T01:59:00,5,210,3,190,10,40
2020-06-19T02:59:00,2020-06-18T02:59:00,2020-06-17T02:59:00,5,210,5,170,13,60
2020-06-19T03:59:00,2020-06-18T03:59:00,2020-06-17T03:59:00,5,210,5,150,21,90
2020-06-19T04:59:00,2020-06-18T04:59:00,2020-06-17T04:59:00,3,200,5,170,22,80
2020-06-19T05:59:00,2020-06-18T05:59:00,2020-06-17T05:59:00,0,0,5,150,17,70
2020-06-19T06:59:00,2020-06-18T06:59:00,2020-06-17T06:59:00,3,230,5,170,13,70
2020-06-19T07:59:00,2020-06-18T07:59:00,2020-06-17T07:59:00,0,0,5,170,13,80
2020-06-19T08:59:00,2020-06-18T08:59:00,2020-06-17T08:59:00,0,0,5,200,15,70
2020-06-19T09:59:00,2020-06-18T09:59:00,2020-06-17T09:59:00,5,0,6,210,22,90
2020-06-19T10:59:00,2020-06-18T10:59:00,2020-06-17T10:59:00,6,160,5,210,16,80
2020-06-19T11:59:00,2020-06-18T11:59:00,2020-06-17T11:59:00,7,200,3,110,13,80
2020-06-19T12:59:00,2020-06-18T12:59:00,2020-06-17T12:59:00,9,200,8,110,14,70
2020-06-19T13:59:00,2020-06-18T13:59:00,2020-06-17T13:59:00,8,190,6,330,13,70
2020-06-19T14:59:00,2020-06-18T14:59:00,2020-06-17T14:59:00,9,190,6,330,9,80
2020-06-19T15:59:00,2020-06-18T15:59:00,2020-06-17T15:59:00,7,160,7,150,14,70
2020-06-19T16:59:00,2020-06-18T16:59:00,2020-06-17T16:59:00,7,170,14,130,10,80
2020-06-19T17:59:00,2020-06-18T17:59:00,2020-06-17T17:59:00,9,180,8,130,10,70
2020-06-19T18:59:00,2020-06-18T18:59:00,2020-06-17T18:59:00,7,190,7,120,13,80
2020-06-19T19:59:00,2020-06-18T19:59:00,2020-06-17T19:59:00,6,200,7,130,8,90
2020-06-19T20:59:00,2020-06-18T20:59:00,2020-06-17T20:59:00,6,200,3,140,8,120
2020-06-19T21:59:00,2020-06-18T21:59:00,2020-06-17T21:59:00,5,190,5,160,7,140
2020-06-19T22:59:00,2020-06-18T22:59:00,2020-06-17T22:59:00,3,170,3,200,6,170
2020-06-19T23:59:00,2020-06-18T23:59:00,2020-06-17T23:59:00,5,170,5,210,5,200
2020-06-22T00:59:00,2020-06-21T00:59:00,2020-06-20T00:59:00,3,170,3,150,3,150
2020-06-22T01:59:00,2020-06-21T01:59:00,2020-06-20T01:59:00,0,0,0,0,3,140
2020-06-22T02:59:00,2020-06-21T02:59:00,2020-06-20T02:59:00,3,190,0,0,5,140
2020-06-22T03:59:00,2020-06-21T03:59:00,2020-06-20T03:59:00,3,200,0,0,5,150
2020-06-22T04:59:00,2020-06-21T04:59:00,2020-06-20T04:59:00,0,0,0,0,0,0
2020-06-22T05:59:00,2020-06-21T05:59:00,2020-06-20T05:59:00,0,0,0,0,0,0
2020-06-22T06:59:00,2020-06-21T06:59:00,2020-06-20T06:59:00,3,0,3,10,0,0
2020-06-22T07:59:00,2020-06-21T07:59:00,2020-06-20T07:59:00,5,230,3,10,0,0
2020-06-22T08:59:00,2020-06-21T08:59:00,2020-06-20T08:59:00,6,230,6,360,0,0
2020-06-22T09:59:00,2020-06-21T09:59:00,2020-06-20T09:59:00,0,0,3,10,0,0
2020-06-22T10:59:00,2020-06-21T10:59:00,2020-06-20T10:59:00,3,260,6,20,5,10
2020-06-22T11:59:00,2020-06-21T11:59:00,2020-06-20T11:59:00,8,70,5,20,8,40
2020-06-22T12:59:00,2020-06-21T12:59:00,2020-06-20T12:59:00,11,80,7,60,8,40
2020-06-22T13:59:00,2020-06-21T13:59:00,2020-06-20T13:59:00,11,100,8,70,8,40
2020-06-22T14:59:00,2020-06-21T14:59:00,2020-06-20T14:59:00,9,150,6,50,8,40
2020-06-22T15:59:00,2020-06-21T15:59:00,2020-06-20T15:59:00,9,150,9,70,5,100
2020-06-22T16:59:00,2020-06-21T16:59:00,2020-06-20T16:59:00,9,150,9,70,7,100
2020-06-22T17:59:00,2020-06-21T17:59:00,2020-06-20T17:59:00,9,150,8,100,0,0
2020-06-22T18:59:00,2020-06-21T18:59:00,2020-06-20T18:59:00,9,150,6,130,3,190
2020-06-22T19:59:00,2020-06-21T19:59:00,2020-06-20T19:59:00,5,170,6,170,3,150
2020-06-22T20:59:00,2020-06-21T20:59:00,2020-06-20T20:59:00,5,190,6,160,3,120
2020-06-22T21:59:00,2020-06-21T21:59:00,2020-06-20T21:59:00,7,180,6,170,0,0
2020-06-22T22:59:00,2020-06-21T22:59:00,2020-06-20T22:59:00,6,180,5,170,0,0
2020-06-22T23:59:00,2020-06-21T23:59:00,2020-06-20T23:59:00,9,180,3,150,0,0
2020-06-24T00:59:00,2020-06-23T00:59:00,2020-06-22T00:59:00,7,220,6,180,3,170
2020-06-24T01:59:00,2020-06-23T01:59:00,2020-06-22T01:59:00,11,210,7,200,0,0
2020-06-24T02:59:00,2020-06-23T02:59:00,2020-06-22T02:59:00,8,220,8,220,3,190
2020-06-24T03:59:00,2020-06-23T03:59:00,2020-06-22T03:59:00,11,220,8,220,3,200
2020-06-24T04:59:00,2020-06-23T04:59:00,2020-06-22T04:59:00,9,250,8,220,0,0
2020-06-24T05:59:00,2020-06-23T05:59:00,2020-06-22T05:59:00,10,250,8,220,0,0
2020-06-24T06:59:00,2020-06-23T06:59:00,2020-06-22T06:59:00,8,270,9,220,3,0
2020-06-24T07:59:00,2020-06-23T07:59:00,2020-06-22T07:59:00,9,280,7,210,5,230
2020-06-24T08:59:00,2020-06-23T08:59:00,2020-06-22T08:59:00,8,270,8,220,6,230
2020-06-24T09:59:00,2020-06-23T09:59:00,2020-06-22T09:59:00,5,10,7,220,0,0
2020-06-24T10:59:00,2020-06-23T10:59:00,2020-06-22T10:59:00,7,60,8,220,3,260
2020-06-24T11:59:00,2020-06-23T11:59:00,2020-06-22T11:59:00,9,60,13,220,8,70
2020-06-24T12:59:00,2020-06-23T12:59:00,2020-06-22T12:59:00,8,60,14,230,11,80
2020-06-24T13:59:00,2020-06-23T13:59:00,2020-06-22T13:59:00,7,50,13,210,11,100
2020-06-24T14:59:00,2020-06-23T14:59:00,2020-06-22T14:59:00,8,20,16,220,9,150
2020-06-24T15:59:00,2020-06-23T15:59:00,2020-06-22T15:59:00,7,70,10,210,9,150
2020-06-24T16:59:00,2020-06-23T16:59:00,2020-06-22T16:59:00,8,60,15,200,9,150
2020-06-24T17:59:00,2020-06-23T17:59:00,2020-06-22T17:59:00,6,150,15,200,9,150
2020-06-24T18:59:00,2020-06-23T18:59:00,2020-06-22T18:59:00,3,150,15,200,9,150
2020-06-24T19:59:00,2020-06-23T19:59:00,2020-06-22T19:59:00,6,160,9,180,5,170
2020-06-24T20:59:00,2020-06-23T20:59:00,2020-06-22T20:59:00,6,170,7,200,5,190
2020-06-24T21:59:00,2020-06-23T21:59:00,2020-06-22T21:59:00,5,160,11,210,7,180
2020-06-24T22:59:00,2020-06-23T22:59:00,2020-06-22T22:59:00,6,160,10,210,6,180
2020-06-24T23:59:00,2020-06-23T23:59:00,2020-06-22T23:59:00,6,160,9,210,9,180
2020-06-26T00:59:00,2020-06-25T00:59:00,2020-06-24T00:59:00,7,280,3,150,7,220
2020-06-26T01:59:00,2020-06-25T01:59:00,2020-06-24T01:59:00,7,280,5,170,11,210
2020-06-26T02:59:00,2020-06-25T02:59:00,2020-06-24T02:59:00,5,230,5,180,8,220
2020-06-26T03:59:00,2020-06-25T03:59:00,2020-06-24T03:59:00,8,290,3,180,11,220
2020-06-26T04:59:00,2020-06-25T04:59:00,2020-06-24T04:59:00,6,350,5,170,9,250
2020-06-26T05:59:00,2020-06-25T05:59:00,2020-06-24T05:59:00,8,310,3,200,10,250
2020-06-26T06:59:00,2020-06-25T06:59:00,2020-06-24T06:59:00,3,280,5,170,8,270
2020-06-26T07:59:00,2020-06-25T07:59:00,2020-06-24T07:59:00,7,340,5,160,9,280
2020-06-26T08:59:00,2020-06-25T08:59:00,2020-06-24T08:59:00,5,300,5,180,8,270
2020-06-26T09:59:00,2020-06-25T09:59:00,2020-06-24T09:59:00,0,0,6,170,5,10
2020-06-26T10:59:00,2020-06-25T10:59:00,2020-06-24T10:59:00,0,0,3,170,7,60
2020-06-26T11:59:00,2020-06-25T11:59:00,2020-06-24T11:59:00,8,250,7,190,9,60
2020-06-26T12:59:00,2020-06-25T12:59:00,2020-06-24T12:59:00,6,250,6,220,8,60
2020-06-26T13:59:00,2020-06-25T13:59:00,2020-06-24T13:59:00,8,250,6,220,7,50
2020-06-26T14:59:00,2020-06-25T14:59:00,2020-06-24T14:59:00,9,280,6,220,8,20
2020-06-26T15:59:00,2020-06-25T15:59:00,2020-06-24T15:59:00,9,290,6,220,7,70
2020-06-26T16:59:00,2020-06-25T16:59:00,2020-06-24T16:59:00,8,250,6,220,8,60
2020-06-26T17:59:00,2020-06-25T17:59:00,2020-06-24T17:59:00,8,250,3,200,6,150
2020-06-26T18:59:00,2020-06-25T18:59:00,2020-06-24T18:59:00,5,210,3,180,3,150
2020-06-26T19:59:00,2020-06-25T19:59:00,2020-06-24T19:59:00,6,240,0,0,6,160
2020-06-26T20:59:00,2020-06-25T20:59:00,2020-06-24T20:59:00,5,210,0,0,6,170
2020-06-26T21:59:00,2020-06-25T21:59:00,2020-06-24T21:59:00,6,210,0,0,5,160
2020-06-26T22:59:00,2020-06-25T22:59:00,2020-06-24T22:59:00,6,210,5,270,6,160
2020-06-26T23:59:00,2020-06-25T23:59:00,2020-06-24T23:59:00,5,210,7,330,6,160
2020-06-29T00:59:00,2020-06-28T00:59:00,2020-06-27T00:59:00,7,250,6,230,6,210
2020-06-29T01:59:00,2020-06-28T01:59:00,2020-06-27T01:59:00,7,250,6,230,7,210
2020-06-29T02:59:00,2020-06-28T02:59:00,2020-06-27T02:59:00,6,260,8,260,7,220
2020-06-29T03:59:00,2020-06-28T03:59:00,2020-06-27T03:59:00,7,260,6,250,6,230
2020-06-29T04:59:00,2020-06-28T04:59:00,2020-06-27T04:59:00,7,270,7,250,9,220
2020-06-29T05:59:00,2020-06-28T05:59:00,2020-06-27T05:59:00,7,270,6,250,9,220
2020-06-29T06:59:00,2020-06-28T06:59:00,2020-06-27T06:59:00,6,290,7,280,8,210
2020-06-29T07:59:00,2020-06-28T07:59:00,2020-06-27T07:59:00,9,350,7,260,7,210
2020-06-29T08:59:00,2020-06-28T08:59:00,2020-06-27T08:59:00,11,360,8,250,8,210
2020-06-29T09:59:00,2020-06-28T09:59:00,2020-06-27T09:59:00,7,20,7,250,8,210
2020-06-29T10:59:00,2020-06-28T10:59:00,2020-06-27T10:59:00,9,40,5,250,8,220
2020-06-29T11:59:00,2020-06-28T11:59:00,2020-06-27T11:59:00,15,10,6,280,10,250
2020-06-29T12:59:00,2020-06-28T12:59:00,2020-06-27T12:59:00,16,10,6,270,13,250
2020-06-29T13:59:00,2020-06-28T13:59:00,2020-06-27T13:59:00,15,20,7,270,13,250
2020-06-29T14:59:00,2020-06-28T14:59:00,2020-06-27T14:59:00,8,50,10,270,11,250
2020-06-29T15:59:00,2020-06-28T15:59:00,2020-06-27T15:59:00,6,80,7,260,10,230
2020-06-29T16:59:00,2020-06-28T16:59:00,2020-06-27T16:59:00,5,80,7,260,8,250
2020-06-29T17:59:00,2020-06-28T17:59:00,2020-06-27T17:59:00,6,80,7,300,8,230
2020-06-29T18:59:00,2020-06-28T18:59:00,2020-06-27T18:59:00,5,80,3,280,8,240
2020-06-29T19:59:00,2020-06-28T19:59:00,2020-06-27T19:59:00,0,0,3,280,3,200
2020-06-29T20:59:00,2020-06-28T20:59:00,2020-06-27T20:59:00,0,0,7,240,6,220
2020-06-29T21:59:00,2020-06-28T21:59:00,2020-06-27T21:59:00,0,0,7,250,5,210
2020-06-29T22:59:00,2020-06-28T22:59:00,2020-06-27T22:59:00,3,220,5,250,6,200
2020-06-29T23:59:00,2020-06-28T23:59:00,2020-06-27T23:59:00,0,0,7,240,8,230
2020-07-01T00:59:00,2020-06-30T00:59:00,2020-06-29T00:59:00,5,220,5,220,7,250
2020-07-01T01:59:00,2020-06-30T01:59:00,2020-06-29T01:59:00,6,210,0,0,7,250
2020-07-01T02:59:00,2020-06-30T02:59:00,2020-06-29T02:59:00,0,0,0,0,6,260
2020-07-01T03:59:00,2020-06-30T03:59:00,2020-06-29T03:59:00,0,0,3,240,7,260
2020-07-01T04:59:00,2020-06-30T04:59:00,2020-06-29T04:59:00,3,200,3,220,7,270
2020-07-01T05:59:00,2020-06-30T05:59:00,2020-06-29T05:59:00,0,0,7,270,7,270
2020-07-01T06:59:00,2020-06-30T06:59:00,2020-06-29T06:59:00,0,0,8,290,6,290
2020-07-01T07:59:00,2020-06-30T07:59:00,2020-06-29T07:59:00,6,300,7,280,9,350
2020-07-01T08:59:00,2020-06-30T08:59:00,2020-06-29T08:59:00,6,340,7,260,11,360
2020-07-01T09:59:00,2020-06-30T09:59:00,2020-06-29T09:59:00,8,330,6,260,7,20
2020-07-01T10:59:00,2020-06-30T10:59:00,2020-06-29T10:59:00,5,30,9,290,9,40
2020-07-01T11:59:00,2020-06-30T11:59:00,2020-06-29T11:59:00,5,100,7,300,15,10
2020-07-01T12:59:00,2020-06-30T12:59:00,2020-06-29T12:59:00,7,20,7,270,16,10
2020-07-01T13:59:00,2020-06-30T13:59:00,2020-06-29T13:59:00,11,60,7,280,15,20
2020-07-01T14:59:00,2020-06-30T14:59:00,2020-06-29T14:59:00,10,40,14,20,8,50
2020-07-01T15:59:00,2020-06-30T15:59:00,2020-06-29T15:59:00,21,30,9,20,6,80
2020-07-01T16:59:00,2020-06-30T16:59:00,2020-06-29T16:59:00,21,30,8,20,5,80
2020-07-01T17:59:00,2020-06-30T17:59:00,2020-06-29T17:59:00,21,30,8,20,6,80
2020-07-01T18:59:00,2020-06-30T18:59:00,2020-06-29T18:59:00,21,30,8,20,5,80
2020-07-01T19:59:00,2020-06-30T19:59:00,2020-06-29T19:59:00,6,150,6,170,0,0
2020-07-01T20:59:00,2020-06-30T20:59:00,2020-06-29T20:59:00,5,150,7,150,0,0
2020-07-01T21:59:00,2020-06-30T21:59:00,2020-06-29T21:59:00,5,240,7,170,0,0
2020-07-01T22:59:00,2020-06-30T22:59:00,2020-06-29T22:59:00,6,270,5,190,3,220
2020-07-01T23:59:00,2020-06-30T23:59:00,2020-06-29T23:59:00,0,0,6,210,0,0
2020-07-03T00:59:00,2020-07-02T00:59:00,2020-07-01T00:59:00,5,220,6,10,5,220
2020-07-03T01:59:00,2020-07-02T01:59:00,2020-07-01T01:59:00,3,240,3,340,6,210
2020-07-03T02:59:00,2020-07-02T02:59:00,2020-07-01T02:59:00,7,240,0,0,0,0
2020-07-03T03:59:00,2020-07-02T03:59:00,2020-07-01T03:59:00,5,240,6,340,0,0
2020-07-03T04:59:00,2020-07-02T04:59:00,2020-07-01T04:59:00,3,270,7,320,3,200
2020-07-03T05:59:00,2020-07-02T05:59:00,2020-07-01T05:59:00,3,260,5,320,0,0
2020-07-03T06:59:00,2020-07-02T06:59:00,2020-07-01T06:59:00,7,280,8,330,0,0
2020-07-03T07:59:00,2020-07-02T07:59:00,2020-07-01T07:59:00,6,250,7,330,6,300
2020-07-03T08:59:00,2020-07-02T08:59:00,2020-07-01T08:59:00,9,270,7,350,6,340
2020-07-03T09:59:00,2020-07-02T09:59:00,2020-07-01T09:59:00,7,300,8,10,8,330
2020-07-03T10:59:00,2020-07-02T10:59:00,2020-07-01T10:59:00,6,340,10,20,5,30
2020-07-03T11:59:00,2020-07-02T11:59:00,2020-07-01T11:59:00,6,360,9,360,5,100
2020-07-03T12:59:00,2020-07-02T12:59:00,2020-07-01T12:59:00,6,360,8,50,7,20
2020-07-03T13:59:00,2020-07-02T13:59:00,2020-07-01T13:59:00,5,10,8,40,11,60
2020-07-03T14:59:00,2020-07-02T14:59:00,2020-07-01T14:59:00,6,350,8,30,10,40
2020-07-03T15:59:00,2020-07-02T15:59:00,2020-07-01T15:59:00,0,0,8,40,21,30
2020-07-03T16:59:00,2020-07-02T16:59:00,2020-07-01T16:59:00,7,270,6,20,21,30
2020-07-03T17:59:00,2020-07-02T17:59:00,2020-07-01T17:59:00,7,270,6,50,21,30
2020-07-03T18:59:00,2020-07-02T18:59:00,2020-07-01T18:59:00,6,270,6,60,21,30
2020-07-03T19:59:00,2020-07-02T19:59:00,2020-07-01T19:59:00,5,270,3,160,6,150
2020-07-03T20:59:00,2020-07-02T20:59:00,2020-07-01T20:59:00,0,0,0,0,5,150
2020-07-03T21:59:00,2020-07-02T21:59:00,2020-07-01T21:59:00,3,240,0,0,5,240
2020-07-03T22:59:00,2020-07-02T22:59:00,2020-07-01T22:59:00,3,230,3,200,6,270
2020-07-03T23:59:00,2020-07-02T23:59:00,2020-07-01T23:59:00,5,240,5,230,0,0
2020-07-06T00:59:00,2020-07-05T00:59:00,2020-07-04T00:59:00,6,200,5,110,6,250
2020-07-06T01:59:00,2020-07-05T01:59:00,2020-07-04T01:59:00,5,210,0,0,5,250
2020-07-06T02:59:00,2020-07-05T02:59:00,2020-07-04T02:59:00,5,200,0,0,6,250
2020-07-06T03:59:00,2020-07-05T03:59:00,2020-07-04T03:59:00,3,190,3,160,3,260
2020-07-06T04:59:00,2020-07-05T04:59:00,2020-07-04T04:59:00,0,0,3,100,6,260
2020-07-06T05:59:00,2020-07-05T05:59:00,2020-07-04T05:59:00,3,200,0,0,7,280
2020-07-06T06:59:00,2020-07-05T06:59:00,2020-07-04T06:59:00,8,210,0,0,8,330
2020-07-06T07:59:00,2020-07-05T07:59:00,2020-07-04T07:59:00,5,240,0,0,7,10
2020-07-06T08:59:00,2020-07-05T08:59:00,2020-07-04T08:59:00,6,230,5,50,13,10
2020-07-06T09:59:00,2020-07-05T09:59:00,2020-07-04T09:59:00,5,230,6,60,14,10
2020-07-06T10:59:00,2020-07-05T10:59:00,2020-07-04T10:59:00,3,230,8,60,8,10
2020-07-06T11:59:00,2020-07-05T11:59:00,2020-07-04T11:59:00,7,190,7,50,10,60
2020-07-06T12:59:00,2020-07-05T12:59:00,2020-07-04T12:59:00,3,190,8,60,13,80
2020-07-06T13:59:00,2020-07-05T13:59:00,2020-07-04T13:59:00,6,330,8,80,13,80
2020-07-06T14:59:00,2020-07-05T14:59:00,2020-07-04T14:59:00,6,330,6,110,11,90
2020-07-06T15:59:00,2020-07-05T15:59:00,2020-07-04T15:59:00,10,210,6,170,11,100
2020-07-06T16:59:00,2020-07-05T16:59:00,2020-07-04T16:59:00,9,250,7,170,8,90
2020-07-06T17:59:00,2020-07-05T17:59:00,2020-07-04T17:59:00,7,200,8,170,11,90
2020-07-06T18:59:00,2020-07-05T18:59:00,2020-07-04T18:59:00,8,190,6,160,7,120
2020-07-06T19:59:00,2020-07-05T19:59:00,2020-07-04T19:59:00,6,180,6,140,6,130
2020-07-06T20:59:00,2020-07-05T20:59:00,2020-07-04T20:59:00,8,210,6,170,6,160
2020-07-06T21:59:00,2020-07-05T21:59:00,2020-07-04T21:59:00,7,200,7,160,3,140
2020-07-06T22:59:00,2020-07-05T22:59:00,2020-07-04T22:59:00,5,190,7,200,0,0
2020-07-06T23:59:00,2020-07-05T23:59:00,2020-07-04T23:59:00,6,200,7,220,0,0
2020-07-08T00:59:00,2020-07-07T00:59:00,2020-07-06T00:59:00,3,130,8,210,6,200
2020-07-08T01:59:00,2020-07-07T01:59:00,2020-07-06T01:59:00,5,130,6,210,5,210
2020-07-08T02:59:00,2020-07-07T02:59:00,2020-07-06T02:59:00,3,130,6,210,5,200
2020-07-08T03:59:00,2020-07-07T03:59:00,2020-07-06T03:59:00,3,100,7,220,3,190
2020-07-08T04:59:00,2020-07-07T04:59:00,2020-07-06T04:59:00,0,0,3,210,0,0
2020-07-08T05:59:00,2020-07-07T05:59:00,2020-07-06T05:59:00,5,100,5,190,3,200
2020-07-08T06:59:00,2020-07-07T06:59:00,2020-07-06T06:59:00,6,110,6,230,8,210
2020-07-08T07:59:00,2020-07-07T07:59:00,2020-07-06T07:59:00,9,60,5,210,5,240
2020-07-08T08:59:00,2020-07-07T08:59:00,2020-07-06T08:59:00,9,60,3,210,6,230
2020-07-08T09:59:00,2020-07-07T09:59:00,2020-07-06T09:59:00,14,60,3,210,5,230
2020-07-08T10:59:00,2020-07-07T10:59:00,2020-07-06T10:59:00,15,70,3,70,3,230
2020-07-08T11:59:00,2020-07-07T11:59:00,2020-07-06T11:59:00,15,70,9,180,7,190
2020-07-08T12:59:00,2020-07-07T12:59:00,2020-07-06T12:59:00,16,70,6,180,3,190
2020-07-08T13:59:00,2020-07-07T13:59:00,2020-07-06T13:59:00,14,70,6,170,6,330
2020-07-08T14:59:00,2020-07-07T14:59:00,2020-07-06T14:59:00,11,70,9,160,6,330
2020-07-08T15:59:00,2020-07-07T15:59:00,2020-07-06T15:59:00,13,70,11,160,10,210
2020-07-08T16:59:00,2020-07-07T16:59:00,2020-07-06T16:59:00,14,90,7,140,9,250
2020-07-08T17:59:00,2020-07-07T17:59:00,2020-07-06T17:59:00,13,80,8,180,7,200
2020-07-08T18:59:00,2020-07-07T18:59:00,2020-07-06T18:59:00,9,100,8,180,8,190
2020-07-08T19:59:00,2020-07-07T19:59:00,2020-07-06T19:59:00,8,80,5,170,6,180
2020-07-08T20:59:00,2020-07-07T20:59:00,2020-07-06T20:59:00,5,90,3,150,8,210
2020-07-08T21:59:00,2020-07-07T21:59:00,2020-07-06T21:59:00,6,100,0,0,7,200
2020-07-08T22:59:00,2020-07-07T22:59:00,2020-07-06T22:59:00,3,70,0,0,5,190
2020-07-08T23:59:00,2020-07-07T23:59:00,2020-07-06T23:59:00,5,120,3,100,6,200
2020-07-10T00:59:00,2020-07-09T00:59:00,2020-07-08T00:59:00,11,30,6,90,3,130
2020-07-10T01:59:00,2020-07-09T01:59:00,2020-07-08T01:59:00,14,360,0,0,5,130
2020-07-10T02:59:00,2020-07-09T02:59:00,2020-07-08T02:59:00,9,340,3,60,3,130
2020-07-10T03:59:00,2020-07-09T03:59:00,2020-07-08T03:59:00,9,340,3,60,3,100
2020-07-10T04:59:00,2020-07-09T04:59:00,2020-07-08T04:59:00,13,310,3,60,0,0
2020-07-10T05:59:00,2020-07-09T05:59:00,2020-07-08T05:59:00,13,310,9,70,5,100
2020-07-10T06:59:00,2020-07-09T06:59:00,2020-07-08T06:59:00,13,320,14,60,6,110
2020-07-10T07:59:00,2020-07-09T07:59:00,2020-07-08T07:59:00,13,310,15,80,9,60
2020-07-10T08:59:00,2020-07-09T08:59:00,2020-07-08T08:59:00,13,270,13,70,9,60
2020-07-10T09:59:00,2020-07-09T09:59:00,2020-07-08T09:59:00,13,270,14,70,14,60
2020-07-10T10:59:00,2020-07-09T10:59:00,2020-07-08T10:59:00,13,270,16,60,15,70
2020-07-10T11:59:00,2020-07-09T11:59:00,2020-07-08T11:59:00,13,280,21,70,15,70
2020-07-10T12:59:00,2020-07-09T12:59:00,2020-07-08T12:59:00,9,260,15,60,16,70
2020-07-10T13:59:00,2020-07-09T13:59:00,2020-07-08T13:59:00,8,260,18,90,14,70
2020-07-10T14:59:00,2020-07-09T14:59:00,2020-07-08T14:59:00,7,290,14,70,11,70
2020-07-10T15:59:00,2020-07-09T15:59:00,2020-07-08T15:59:00,10,290,16,70,13,70
2020-07-10T16:59:00,2020-07-09T16:59:00,2020-07-08T16:59:00,8,260,13,80,14,90
2020-07-10T17:59:00,2020-07-09T17:59:00,2020-07-08T17:59:00,7,220,17,70,13,80
2020-07-10T18:59:00,2020-07-09T18:59:00,2020-07-08T18:59:00,6,220,14,60,9,100
2020-07-10T19:59:00,2020-07-09T19:59:00,2020-07-08T19:59:00,7,210,10,60,8,80
2020-07-10T20:59:00,2020-07-09T20:59:00,2020-07-08T20:59:00,7,190,8,50,5,90
2020-07-10T21:59:00,2020-07-09T21:59:00,2020-07-08T21:59:00,8,200,10,50,6,100
2020-07-10T22:59:00,2020-07-09T22:59:00,2020-07-08T22:59:00,11,210,11,30,3,70
2020-07-10T23:59:00,2020-07-09T23:59:00,2020-07-08T23:59:00,7,210,11,30,5,120
2020-07-13T00:59:00,2020-07-12T00:59:00,2020-07-11T00:59:00,7,220,5,240,6,210
2020-07-13T01:59:00,2020-07-12T01:59:00,2020-07-11T01:59:00,8,230,5,230,6,200
2020-07-13T02:59:00,2020-07-12T02:59:00,2020-07-11T02:59:00,7,220,5,210,7,200
2020-07-13T03:59:00,2020-07-12T03:59:00,2020-07-11T03:59:00,6,270,5,240,7,200
2020-07-13T04:59:00,2020-07-12T04:59:00,2020-07-11T04:59:00,6,230,0,0,8,230
2020-07-13T05:59:00,2020-07-12T05:59:00,2020-07-11T05:59:00,6,250,3,200,9,240
2020-07-13T06:59:00,2020-07-12T06:59:00,2020-07-11T06:59:00,5,250,3,240,10,220
2020-07-13T07:59:00,2020-07-12T07:59:00,2020-07-11T07:59:00,22,310,5,240,10,220
2020-07-13T08:59:00,2020-07-12T08:59:00,2020-07-11T08:59:00,10,20,7,330,7,230
2020-07-13T09:59:00,2020-07-12T09:59:00,2020-07-11T09:59:00,7,350,6,40,9,220
2020-07-13T10:59:00,2020-07-12T10:59:00,2020-07-11T10:59:00,7,330,7,350,8,220
2020-07-13T11:59:00,2020-07-12T11:59:00,2020-07-11T11:59:00,6,330,8,360,8,250
2020-07-13T12:59:00,2020-07-12T12:59:00,2020-07-11T12:59:00,6,360,6,360,15,240
2020-07-13T13:59:00,2020-07-12T13:59:00,2020-07-11T13:59:00,6,340,10,60,11,240
2020-07-13T14:59:00,2020-07-12T14:59:00,2020-07-11T14:59:00,8,10,6,60,13,260
2020-07-13T15:59:00,2020-07-12T15:59:00,2020-07-11T15:59:00,10,40,9,70,11,250
2020-07-13T16:59:00,2020-07-12T16:59:00,2020-07-11T16:59:00,6,90,7,70,13,260
2020-07-13T17:59:00,2020-07-12T17:59:00,2020-07-11T17:59:00,3,130,6,70,10,250
2020-07-13T18:59:00,2020-07-12T18:59:00,2020-07-11T18:59:00,8,160,5,90,8,250
2020-07-13T19:59:00,2020-07-12T19:59:00,2020-07-11T19:59:00,7,160,0,0,5,220
2020-07-13T20:59:00,2020-07-12T20:59:00,2020-07-11T20:59:00,7,180,3,240,7,260
2020-07-13T21:59:00,2020-07-12T21:59:00,2020-07-11T21:59:00,5,190,5,190,5,220
2020-07-13T22:59:00,2020-07-12T22:59:00,2020-07-11T22:59:00,0,0,6,190,3,210
2020-07-13T23:59:00,2020-07-12T23:59:00,2020-07-11T23:59:00,5,210,7,210,7,240
2020-07-15T00:59:00,2020-07-14T00:59:00,2020-07-13T00:59:00,0,0,0,0,7,220
2020-07-15T01:59:00,2020-07-14T01:59:00,2020-07-13T01:59:00,0,0,6,170,8,230
2020-07-15T02:59:00,2020-07-14T02:59:00,2020-07-13T02:59:00,0,0,5,220,7,220
2020-07-15T03:59:00,2020-07-14T03:59:00,2020-07-13T03:59:00,0,0,5,220,6,270
2020-07-15T04:59:00,2020-07-14T04:59:00,2020-07-13T04:59:00,0,0,3,270,6,230
2020-07-15T05:59:00,2020-07-14T05:59:00,2020-07-13T05:59:00,0,0,5,290,6,250
2020-07-15T06:59:00,2020-07-14T06:59:00,2020-07-13T06:59:00,0,0,0,0,5,250
2020-07-15T07:59:00,2020-07-14T07:59:00,2020-07-13T07:59:00,7,70,0,0,22,310
2020-07-15T08:59:00,2020-07-14T08:59:00,2020-07-13T08:59:00,7,70,9,320,10,20
2020-07-15T09:59:00,2020-07-14T09:59:00,2020-07-13T09:59:00,8,70,6,60,7,350
2020-07-15T10:59:00,2020-07-14T10:59:00,2020-07-13T10:59:00,10,50,7,20,7,330
2020-07-15T11:59:00,2020-07-14T11:59:00,2020-07-13T11:59:00,11,60,9,30,6,330
2020-07-15T12:59:00,2020-07-14T12:59:00,2020-07-13T12:59:00,13,70,8,50,6,360
2020-07-15T13:59:00,2020-07-14T13:59:00,2020-07-13T13:59:00,11,80,8,50,6,340
2020-07-15T14:59:00,2020-07-14T14:59:00,2020-07-13T14:59:00,11,80,10,50,8,10
2020-07-15T15:59:00,2020-07-14T15:59:00,2020-07-13T15:59:00,11,100,10,100,10,40
2020-07-15T16:59:00,2020-07-14T16:59:00,2020-07-13T16:59:00,7,90,8,90,6,90
2020-07-15T17:59:00,2020-07-14T17:59:00,2020-07-13T17:59:00,13,110,9,70,3,130
2020-07-15T18:59:00,2020-07-14T18:59:00,2020-07-13T18:59:00,10,120,7,80,8,160
2020-07-15T19:59:00,2020-07-14T19:59:00,2020-07-13T19:59:00,8,120,7,120,7,160
2020-07-15T20:59:00,2020-07-14T20:59:00,2020-07-13T20:59:00,7,120,7,120,7,180
2020-07-15T21:59:00,2020-07-14T21:59:00,2020-07-13T21:59:00,6,120,5,110,5,190
2020-07-15T22:59:00,2020-07-14T22:59:00,2020-07-13T22:59:00,5,150,0,0,0,0
2020-07-15T23:59:00,2020-07-14T23:59:00,2020-07-13T23:59:00,0,0,0,0,5,210
2020-07-17T00:59:00,2020-07-16T00:59:00,2020-07-15T00:59:00,0,0,0,0,0,0
2020-07-17T01:59:00,2020-07-16T01:59:00,2020-07-15T01:59:00,3,150,0,0,0,0
2020-07-17T02:59:00,2020-07-16T02:59:00,2020-07-15T02:59:00,5,150,0,0,0,0
2020-07-17T03:59:00,2020-07-16T03:59:00,2020-07-15T03:59:00,3,180,0,0,0,0
2020-07-17T04:59:00,2020-07-16T04:59:00,2020-07-15T04:59:00,3,180,0,0,0,0
2020-07-17T05:59:00,2020-07-16T05:59:00,2020-07-15T05:59:00,5,210,0,0,0,0
2020-07-17T06:59:00,2020-07-16T06:59:00,2020-07-15T06:59:00,7,200,7,110,0,0
2020-07-17T07:59:00,2020-07-16T07:59:00,2020-07-15T07:59:00,11,230,10,90,7,70
2020-07-17T08:59:00,2020-07-16T08:59:00,2020-07-15T08:59:00,9,210,15,80,7,70
2020-07-17T09:59:00,2020-07-16T09:59:00,2020-07-15T09:59:00,9,210,14,80,8,70
2020-07-17T10:59:00,2020-07-16T10:59:00,2020-07-15T10:59:00,10,210,17,70,10,50
2020-07-17T11:59:00,2020-07-16T11:59:00,2020-07-15T11:59:00,11,210,14,70,11,60
2020-07-17T12:59:00,2020-07-16T12:59:00,2020-07-15T12:59:00,9,220,10,70,13,70
2020-07-17T13:59:00,2020-07-16T13:59:00,2020-07-15T13:59:00,8,220,18,70,11,80
2020-07-17T14:59:00,2020-07-16T14:59:00,2020-07-15T14:59:00,11,230,17,70,11,80
2020-07-17T15:59:00,2020-07-16T15:59:00,2020-07-15T15:59:00,9,210,10,120,11,100
2020-07-17T16:59:00,2020-07-16T16:59:00,2020-07-15T16:59:00,8,210,9,100,7,90
2020-07-17T17:59:00,2020-07-16T17:59:00,2020-07-15T17:59:00,8,190,8,120,13,110
2020-07-17T18:59:00,2020-07-16T18:59:00,2020-07-15T18:59:00,8,190,8,120,10,120
2020-07-17T19:59:00,2020-07-16T19:59:00,2020-07-15T19:59:00,8,190,11,120,8,120
2020-07-17T20:59:00,2020-07-16T20:59:00,2020-07-15T20:59:00,6,170,6,120,7,120
2020-07-17T21:59:00,2020-07-16T21:59:00,2020-07-15T21:59:00,5,220,6,120,6,120
2020-07-17T22:59:00,2020-07-16T22:59:00,2020-07-15T22:59:00,7,220,5,140,5,150
2020-07-17T23:59:00,2020-07-16T23:59:00,2020-07-15T23:59:00,5,220,3,150,0,0
2020-07-20T00:59:00,2020-07-19T00:59:00,2020-07-18T00:59:00,8,200,6,220,5,220
2020-07-20T01:59:00,2020-07-19T01:59:00,2020-07-18T01:59:00,8,200,5,190,5,240
2020-07-20T02:59:00,2020-07-19T02:59:00,2020-07-18T02:59:00,9,220,5,220,6,250
2020-07-20T03:59:00,2020-07-19T03:59:00,2020-07-18T03:59:00,7,220,7,220,7,240
2020-07-20T04:59:00,2020-07-19T04:59:00,2020-07-18T04:59:00,9,230,5,210,5,220
2020-07-20T05:59:00,2020-07-19T05:59:00,2020-07-18T05:59:00,11,230,6,210,6,210
2020-07-20T06:59:00,2020-07-19T06:59:00,2020-07-18T06:59:00,9,220,7,210,6,210
2020-07-20T07:59:00,2020-07-19T07:59:00,2020-07-18T07:59:00,9,260,8,230,7,210
2020-07-20T08:59:00,2020-07-19T08:59:00,2020-07-18T08:59:00,10,260,6,250,8,290
2020-07-20T09:59:00,2020-07-19T09:59:00,2020-07-18T09:59:00,8,260,7,210,7,290
2020-07-20T10:59:00,2020-07-19T10:59:00,2020-07-18T10:59:00,8,290,6,210,9,350
2020-07-20T11:59:00,2020-07-19T11:59:00,2020-07-18T11:59:00,3,290,9,210,6,300
2020-07-20T12:59:00,2020-07-19T12:59:00,2020-07-18T12:59:00,5,290,9,230,9,10
2020-07-20T13:59:00,2020-07-19T13:59:00,2020-07-18T13:59:00,7,280,13,280,10,80
2020-07-20T14:59:00,2020-07-19T14:59:00,2020-07-18T14:59:00,10,270,13,300,11,60
2020-07-20T15:59:00,2020-07-19T15:59:00,2020-07-18T15:59:00,8,90,9,270,7,70
2020-07-20T16:59:00,2020-07-19T16:59:00,2020-07-18T16:59:00,5,110,10,230,14,210
2020-07-20T17:59:00,2020-07-19T17:59:00,2020-07-18T17:59:00,5,190,5,220,9,210
2020-07-20T18:59:00,2020-07-19T18:59:00,2020-07-18T18:59:00,0,0,5,210,5,200
2020-07-20T19:59:00,2020-07-19T19:59:00,2020-07-18T19:59:00,5,190,5,210,5,180
2020-07-20T20:59:00,2020-07-19T20:59:00,2020-07-18T20:59:00,7,210,5,210,5,170
2020-07-20T21:59:00,2020-07-19T21:59:00,2020-07-18T21:59:00,7,200,5,210,5,210
2020-07-20T22:59:00,2020-07-19T22:59:00,2020-07-18T22:59:00,9,220,7,160,6,210
2020-07-20T23:59:00,2020-07-19T23:59:00,2020-07-18T23:59:00,8,220,8,210,7,210
2020-07-22T00:59:00,2020-07-21T00:59:00,2020-07-20T00:59:00,11,330,7,230,8,200
2020-07-22T01:59:00,2020-07-21T01:59:00,2020-07-20T01:59:00,10,310,7,240,8,200
2020-07-22T02:59:00,2020-07-21T02:59:00,2020-07-20T02:59:00,5,210,9,200,9,220
2020-07-22T03:59:00,2020-07-21T03:59:00,2020-07-20T03:59:00,7,180,8,210,7,220
2020-07-22T04:59:00,2020-07-21T04:59:00,2020-07-20T04:59:00,0,0,8,240,9,230
2020-07-22T05:59:00,2020-07-21T05:59:00,2020-07-20T05:59:00,6,200,10,230,11,230
2020-07-22T06:59:00,2020-07-21T06:59:00,2020-07-20T06:59:00,8,200,9,240,9,220
2020-07-22T07:59:00,2020-07-21T07:59:00,2020-07-20T07:59:00,8,210,6,250,9,260
2020-07-22T08:59:00,2020-07-21T08:59:00,2020-07-20T08:59:00,11,230,8,240,10,260
2020-07-22T09:59:00,2020-07-21T09:59:00,2020-07-20T09:59:00,9,210,8,230,8,260
2020-07-22T10:59:00,2020-07-21T10:59:00,2020-07-20T10:59:00,9,210,11,290,8,290
2020-07-22T11:59:00,2020-07-21T11:59:00,2020-07-20T11:59:00,7,210,9,280,3,290
2020-07-22T12:59:00,2020-07-21T12:59:00,2020-07-20T12:59:00,10,210,11,290,5,290
2020-07-22T13:59:00,2020-07-21T13:59:00,2020-07-20T13:59:00,9,220,8,250,7,280
2020-07-22T14:59:00,2020-07-21T14:59:00,2020-07-20T14:59:00,7,210,8,250,10,270
2020-07-22T15:59:00,2020-07-21T15:59:00,2020-07-20T15:59:00,9,230,8,210,8,90
2020-07-22T16:59:00,2020-07-21T16:59:00,2020-07-20T16:59:00,7,200,10,220,5,110
2020-07-22T17:59:00,2020-07-21T17:59:00,2020-07-20T17:59:00,7,200,6,200,5,190
2020-07-22T18:59:00,2020-07-21T18:59:00,2020-07-20T18:59:00,5,190,6,200,0,0
2020-07-22T19:59:00,2020-07-21T19:59:00,2020-07-20T19:59:00,9,20,6,200,5,190
2020-07-22T20:59:00,2020-07-21T20:59:00,2020-07-20T20:59:00,7,20,5,350,7,210
2020-07-22T21:59:00,2020-07-21T21:59:00,2020-07-20T21:59:00,5,20,6,210,7,200
2020-07-22T22:59:00,2020-07-21T22:59:00,2020-07-20T22:59:00,6,20,22,320,9,220
2020-07-22T23:59:00,2020-07-21T23:59:00,2020-07-20T23:59:00,3,200,11,330,8,220
2020-07-24T00:59:00,2020-07-23T00:59:00,2020-07-22T00:59:00,7,220,9,210,11,330
2020-07-24T01:59:00,2020-07-23T01:59:00,2020-07-22T01:59:00,8,220,8,210,10,310
2020-07-24T02:59:00,2020-07-23T02:59:00,2020-07-22T02:59:00,9,240,9,220,5,210
2020-07-24T03:59:00,2020-07-23T03:59:00,2020-07-22T03:59:00,6,230,7,250,7,180
2020-07-24T04:59:00,2020-07-23T04:59:00,2020-07-22T04:59:00,6,220,5,210,0,0
2020-07-24T05:59:00,2020-07-23T05:59:00,2020-07-22T05:59:00,6,220,3,200,6,200
2020-07-24T06:59:00,2020-07-23T06:59:00,2020-07-22T06:59:00,7,210,7,220,8,200
2020-07-24T07:59:00,2020-07-23T07:59:00,2020-07-22T07:59:00,7,210,6,220,8,210
2020-07-24T08:59:00,2020-07-23T08:59:00,2020-07-22T08:59:00,9,240,9,230,11,230
2020-07-24T09:59:00,2020-07-23T09:59:00,2020-07-22T09:59:00,9,250,9,240,9,210
2020-07-24T10:59:00,2020-07-23T10:59:00,2020-07-22T10:59:00,8,250,10,190,9,210
2020-07-24T11:59:00,2020-07-23T11:59:00,2020-07-22T11:59:00,11,280,5,190,7,210
2020-07-24T12:59:00,2020-07-23T12:59:00,2020-07-22T12:59:00,10,270,5,190,10,210
2020-07-24T13:59:00,2020-07-23T13:59:00,2020-07-22T13:59:00,10,280,5,190,9,220
2020-07-24T14:59:00,2020-07-23T14:59:00,2020-07-22T14:59:00,11,290,5,190,7,210
2020-07-24T15:59:00,2020-07-23T15:59:00,2020-07-22T15:59:00,8,290,9,200,9,230
2020-07-24T16:59:00,2020-07-23T16:59:00,2020-07-22T16:59:00,0,0,11,240,7,200
2020-07-24T17:59:00,2020-07-23T17:59:00,2020-07-22T17:59:00,7,280,6,230,7,200
2020-07-24T18:59:00,2020-07-23T18:59:00,2020-07-22T18:59:00,5,200,6,230,5,190
2020-07-24T19:59:00,2020-07-23T19:59:00,2020-07-22T19:59:00,0,0,6,230,9,20
2020-07-24T20:59:00,2020-07-23T20:59:00,2020-07-22T20:59:00,6,190,6,230,7,20
2020-07-24T21:59:00,2020-07-23T21:59:00,2020-07-22T21:59:00,6,190,8,200,5,20
2020-07-24T22:59:00,2020-07-23T22:59:00,2020-07-22T22:59:00,7,250,7,200,6,20
2020-07-24T23:59:00,2020-07-23T23:59:00,2020-07-22T23:59:00,9,280,7,230,3,200
2020-07-26T00:59:00,2020-07-25T00:59:00,2020-07-24T00:59:00,5,210,9,280,7,220
2020-07-26T01:59:00,2020-07-25T01:59:00,2020-07-24T01:59:00,6,220,9,280,8,220
2020-07-26T02:59:00,2020-07-25T02:59:00,2020-07-24T02:59:00,6,230,9,280,9,240
2020-07-26T03:59:00,2020-07-25T03:59:00,2020-07-24T03:59:00,7,210,0,0,6,230
2020-07-26T04:59:00,2020-07-25T04:59:00,2020-07-24T04:59:00,6,210,3,270,6,220
2020-07-26T05:59:00,2020-07-25T05:59:00,2020-07-24T05:59:00,5,210,7,310,6,220
2020-07-26T06:59:00,2020-07-25T06:59:00,2020-07-24T06:59:00,7,220,3,260,7,210
2020-07-26T07:59:00,2020-07-25T07:59:00,2020-07-24T07:59:00,3,220,6,260,7,210
2020-07-26T08:59:00,2020-07-25T08:59:00,2020-07-24T08:59:00,5,200,0,0,9,240
2020-07-26T09:59:00,2020-07-25T09:59:00,2020-07-24T09:59:00,6,200,7,330,9,250
2020-07-26T10:59:00,2020-07-25T10:59:00,2020-07-24T10:59:00,6,200,8,340,8,250
2020-07-26T11:59:00,2020-07-25T11:59:00,2020-07-24T11:59:00,11,290,9,340,11,280
2020-07-26T12:59:00,2020-07-25T12:59:00,2020-07-24T12:59:00,9,290,9,340,10,270
2020-07-26T13:59:00,2020-07-25T13:59:00,2020-07-24T13:59:00,13,290,8,20,10,280
2020-07-26T14:59:00,2020-07-25T14:59:00,2020-07-24T14:59:00,8,280,10,60,11,290
2020-07-26T15:59:00,2020-07-25T15:59:00,2020-07-24T15:59:00,7,270,8,60,8,290
2020-07-26T16:59:00,2020-07-25T16:59:00,2020-07-24T16:59:00,7,280,10,80,0,0
2020-07-26T17:59:00,2020-07-25T17:59:00,2020-07-24T17:59:00,13,210,9,90,7,280
2020-07-26T18:59:00,2020-07-25T18:59:00,2020-07-24T18:59:00,7,150,6,130,5,200
2020-07-26T19:59:00,2020-07-25T19:59:00,2020-07-24T19:59:00,7,200,6,170,0,0
2020-07-26T20:59:00,2020-07-25T20:59:00,2020-07-24T20:59:00,6,200,5,170,6,190
2020-07-26T21:59:00,2020-07-25T21:59:00,2020-07-24T21:59:00,7,190,5,180,6,190
2020-07-26T22:59:00,2020-07-25T22:59:00,2020-07-24T22:59:00,8,190,0,0,7,250
2020-07-26T23:59:00,2020-07-25T23:59:00,2020-07-24T23:59:00,7,200,5,210,9,280
2020-07-28T00:59:00,2020-07-27T00:59:00,2020-07-26T00:59:00,9,210,8,220,5,210
2020-07-28T01:59:00,2020-07-27T01:59:00,2020-07-26T01:59:00,9,220,9,220,6,220
2020-07-28T02:59:00,2020-07-27T02:59:00,2020-07-26T02:59:00,9,210,7,220,6,230
2020-07-28T03:59:00,2020-07-27T03:59:00,2020-07-26T03:59:00,7,210,7,230,7,210
2020-07-28T04:59:00,2020-07-27T04:59:00,2020-07-26T04:59:00,8,210,9,230,6,210
2020-07-28T05:59:00,2020-07-27T05:59:00,2020-07-26T05:59:00,8,230,8,250,5,210
2020-07-28T06:59:00,2020-07-27T06:59:00,2020-07-26T06:59:00,9,220,8,250,7,220
2020-07-28T07:59:00,2020-07-27T07:59:00,2020-07-26T07:59:00,11,240,11,280,3,220
2020-07-28T08:59:00,2020-07-27T08:59:00,2020-07-26T08:59:00,9,260,11,280,5,200
2020-07-28T09:59:00,2020-07-27T09:59:00,2020-07-26T09:59:00,9,260,6,260,6,200
2020-07-28T10:59:00,2020-07-27T10:59:00,2020-07-26T10:59:00,7,230,3,260,6,200
2020-07-28T11:59:00,2020-07-27T11:59:00,2020-07-26T11:59:00,7,250,3,260,11,290
2020-07-28T12:59:00,2020-07-27T12:59:00,2020-07-26T12:59:00,13,280,7,350,9,290
2020-07-28T13:59:00,2020-07-27T13:59:00,2020-07-26T13:59:00,11,260,7,360,13,290
2020-07-28T14:59:00,2020-07-27T14:59:00,2020-07-26T14:59:00,9,290,6,60,8,280
2020-07-28T15:59:00,2020-07-27T15:59:00,2020-07-26T15:59:00,7,270,5,60,7,270
2020-07-28T16:59:00,2020-07-27T16:59:00,2020-07-26T16:59:00,7,270,6,90,7,280
2020-07-28T17:59:00,2020-07-27T17:59:00,2020-07-26T17:59:00,7,270,6,130,13,210
2020-07-28T18:59:00,2020-07-27T18:59:00,2020-07-26T18:59:00,7,270,6,150,7,150
2020-07-28T19:59:00,2020-07-27T19:59:00,2020-07-26T19:59:00,7,270,6,160,7,200
2020-07-28T20:59:00,2020-07-27T20:59:00,2020-07-26T20:59:00,7,270,7,210,6,200
2020-07-28T21:59:00,2020-07-27T21:59:00,2020-07-26T21:59:00,7,270,8,200,7,190
2020-07-28T22:59:00,2020-07-27T22:59:00,2020-07-26T22:59:00,3,210,8,200,8,190
2020-07-28T23:59:00,2020-07-27T23:59:00,2020-07-26T23:59:00,6,220,10,210,7,200
2020-07-30T00:59:00,2020-07-29T00:59:00,2020-07-28T00:59:00,5,220,9,240,9,210
2020-07-30T01:59:00,2020-07-29T01:59:00,2020-07-28T01:59:00,5,240,5,270,9,220
2020-07-30T02:59:00,2020-07-29T02:59:00,2020-07-28T02:59:00,6,200,6,230,9,210
2020-07-30T03:59:00,2020-07-29T03:59:00,2020-07-28T03:59:00,5,200,7,250,7,210
2020-07-30T04:59:00,2020-07-29T04:59:00,2020-07-28T04:59:00,5,190,7,240,8,210
2020-07-30T05:59:00,2020-07-29T05:59:00,2020-07-28T05:59:00,5,210,7,240,8,230
2020-07-30T06:59:00,2020-07-29T06:59:00,2020-07-28T06:59:00,5,210,5,270,9,220
2020-07-30T07:59:00,2020-07-29T07:59:00,2020-07-28T07:59:00,0,0,5,270,11,240
2020-07-30T08:59:00,2020-07-29T08:59:00,2020-07-28T08:59:00,6,0,5,250,9,260
2020-07-30T09:59:00,2020-07-29T09:59:00,2020-07-28T09:59:00,7,0,0,0,9,260
2020-07-30T10:59:00,2020-07-29T10:59:00,2020-07-28T10:59:00,7,0,9,180,7,230
2020-07-30T11:59:00,2020-07-29T11:59:00,2020-07-28T11:59:00,10,230,9,210,7,250
2020-07-30T12:59:00,2020-07-29T12:59:00,2020-07-28T12:59:00,9,270,5,200,13,280
2020-07-30T13:59:00,2020-07-29T13:59:00,2020-07-28T13:59:00,10,200,9,230,11,260
2020-07-30T14:59:00,2020-07-29T14:59:00,2020-07-28T14:59:00,10,200,10,240,9,290
2020-07-30T15:59:00,2020-07-29T15:59:00,2020-07-28T15:59:00,7,200,8,230,7,270
2020-07-30T16:59:00,2020-07-29T16:59:00,2020-07-28T16:59:00,7,200,8,210,7,270
2020-07-30T17:59:00,2020-07-29T17:59:00,2020-07-28T17:59:00,8,200,13,210,7,270
2020-07-30T18:59:00,2020-07-29T18:59:00,2020-07-28T18:59:00,9,210,7,210,7,270
2020-07-30T19:59:00,2020-07-29T19:59:00,2020-07-28T19:59:00,7,200,6,210,7,270
2020-07-30T20:59:00,2020-07-29T20:59:00,2020-07-28T20:59:00,5,190,6,200,7,270
2020-07-30T21:59:00,2020-07-29T21:59:00,2020-07-28T21:59:00,6,200,10,220,7,270
2020-07-30T22:59:00,2020-07-29T22:59:00,2020-07-28T22:59:00,6,200,5,220,3,210
2020-07-30T23:59:00,2020-07-29T23:59:00,2020-07-28T23:59:00,7,210,5,220,6,220
2020-08-01T00:59:00,2020-07-31T00:59:00,2020-07-30T00:59:00,5,260,6,210,5,220
2020-08-01T01:59:00,2020-07-31T01:59:00,2020-07-30T01:59:00,9,320,9,210,5,240
2020-08-01T02:59:00,2020-07-31T02:59:00,2020-07-30T02:59:00,0,0,8,210,6,200
2020-08-01T03:59:00,2020-07-31T03:59:00,2020-07-30T03:59:00,5,30,8,210,5,200
2020-08-01T04:59:00,2020-07-31T04:59:00,2020-07-30T04:59:00,5,80,5,230,5,190
2020-08-01T05:59:00,2020-07-31T05:59:00,2020-07-30T05:59:00,3,150,9,230,5,210
2020-08-01T06:59:00,2020-07-31T06:59:00,2020-07-30T06:59:00,5,110,9,230,5,210
2020-08-01T07:59:00,2020-07-31T07:59:00,2020-07-30T07:59:00,5,130,9,260,0,0
2020-08-01T08:59:00,2020-07-31T08:59:00,2020-07-30T08:59:00,6,90,10,260,6,0
2020-08-01T09:59:00,2020-07-31T09:59:00,2020-07-30T09:59:00,6,90,11,260,7,0
2020-08-01T10:59:00,2020-07-31T10:59:00,2020-07-30T10:59:00,8,70,11,240,7,0
2020-08-01T11:59:00,2020-07-31T11:59:00,2020-07-30T11:59:00,7,70,9,280,10,230
2020-08-01T12:59:00,2020-07-31T12:59:00,2020-07-30T12:59:00,10,50,13,300,9,270
2020-08-01T13:59:00,2020-07-31T13:59:00,2020-07-30T13:59:00,10,40,13,300,10,200
2020-08-01T14:59:00,2020-07-31T14:59:00,2020-07-30T14:59:00,11,40,13,300,10,200
2020-08-01T15:59:00,2020-07-31T15:59:00,2020-07-30T15:59:00,13,70,13,300,7,200
2020-08-01T16:59:00,2020-07-31T16:59:00,2020-07-30T16:59:00,13,70,13,300,7,200
2020-08-01T17:59:00,2020-07-31T17:59:00,2020-07-30T17:59:00,13,70,13,300,8,200
2020-08-01T18:59:00,2020-07-31T18:59:00,2020-07-30T18:59:00,13,70,6,120,9,210
2020-08-01T19:59:00,2020-07-31T19:59:00,2020-07-30T19:59:00,13,70,6,120,7,200
2020-08-01T20:59:00,2020-07-31T20:59:00,2020-07-30T20:59:00,13,70,6,120,5,190
2020-08-01T21:59:00,2020-07-31T21:59:00,2020-07-30T21:59:00,5,170,6,220,6,200
2020-08-01T22:59:00,2020-07-31T22:59:00,2020-07-30T22:59:00,5,180,5,260,6,200
2020-08-01T23:59:00,2020-07-31T23:59:00,2020-07-30T23:59:00,5,180,5,260,7,210
2020-08-04T00:59:00,2020-08-03T00:59:00,2020-08-02T00:59:00,6,130,9,210,7,190
2020-08-04T01:59:00,2020-08-03T01:59:00,2020-08-02T01:59:00,6,130,9,210,5,190
2020-08-04T02:59:00,2020-08-03T02:59:00,2020-08-02T02:59:00,6,130,8,210,8,200
2020-08-04T03:59:00,2020-08-03T03:59:00,2020-08-02T03:59:00,6,130,8,210,7,190
2020-08-04T04:59:00,2020-08-03T04:59:00,2020-08-02T04:59:00,6,130,7,220,9,200
2020-08-04T05:59:00,2020-08-03T05:59:00,2020-08-02T05:59:00,6,130,6,210,9,200
2020-08-04T06:59:00,2020-08-03T06:59:00,2020-08-02T06:59:00,6,130,6,210,9,210
2020-08-04T07:59:00,2020-08-03T07:59:00,2020-08-02T07:59:00,6,130,8,200,8,210
2020-08-04T08:59:00,2020-08-03T08:59:00,2020-08-02T08:59:00,6,130,10,220,14,200
2020-08-04T09:59:00,2020-08-03T09:59:00,2020-08-02T09:59:00,17,250,3,220,9,190
2020-08-04T10:59:00,2020-08-03T10:59:00,2020-08-02T10:59:00,14,230,11,160,13,180
2020-08-04T11:59:00,2020-08-03T11:59:00,2020-08-02T11:59:00,14,230,11,160,10,200
2020-08-04T12:59:00,2020-08-03T12:59:00,2020-08-02T12:59:00,10,230,11,160,15,220
2020-08-04T13:59:00,2020-08-03T13:59:00,2020-08-02T13:59:00,9,220,11,160,11,220
2020-08-04T14:59:00,2020-08-03T14:59:00,2020-08-02T14:59:00,10,210,0,0,16,210
2020-08-04T15:59:00,2020-08-03T15:59:00,2020-08-02T15:59:00,7,220,0,0,14,210
2020-08-04T16:59:00,2020-08-03T16:59:00,2020-08-02T16:59:00,11,210,0,0,14,200
2020-08-04T17:59:00,2020-08-03T17:59:00,2020-08-02T17:59:00,6,210,0,0,8,220
2020-08-04T18:59:00,2020-08-03T18:59:00,2020-08-02T18:59:00,8,190,7,100,15,200
2020-08-04T19:59:00,2020-08-03T19:59:00,2020-08-02T19:59:00,5,190,7,100,15,190
2020-08-04T20:59:00,2020-08-03T20:59:00,2020-08-02T20:59:00,5,180,6,130,14,180
2020-08-04T21:59:00,2020-08-03T21:59:00,2020-08-02T21:59:00,6,180,6,130,15,190
2020-08-04T22:59:00,2020-08-03T22:59:00,2020-08-02T22:59:00,7,200,6,130,13,210
2020-08-04T23:59:00,2020-08-03T23:59:00,2020-08-02T23:59:00,6,210,6,130,9,200
2020-08-06T00:59:00,2020-08-05T00:59:00,2020-08-04T00:59:00,0,0,7,210,6,130
2020-08-06T01:59:00,2020-08-05T01:59:00,2020-08-04T01:59:00,0,0,5,220,6,130
2020-08-06T02:59:00,2020-08-05T02:59:00,2020-08-04T02:59:00,3,170,6,210,6,130
2020-08-06T03:59:00,2020-08-05T03:59:00,2020-08-04T03:59:00,3,220,6,210,6,130
2020-08-06T04:59:00,2020-08-05T04:59:00,2020-08-04T04:59:00,5,190,6,180,6,130
2020-08-06T05:59:00,2020-08-05T05:59:00,2020-08-04T05:59:00,3,190,3,210,6,130
2020-08-06T06:59:00,2020-08-05T06:59:00,2020-08-04T06:59:00,3,210,5,260,6,130
2020-08-06T07:59:00,2020-08-05T07:59:00,2020-08-04T07:59:00,7,210,8,200,6,130
2020-08-06T08:59:00,2020-08-05T08:59:00,2020-08-04T08:59:00,5,210,6,230,6,130
2020-08-06T09:59:00,2020-08-05T09:59:00,2020-08-04T09:59:00,6,270,6,260,17,250
2020-08-06T10:59:00,2020-08-05T10:59:00,2020-08-04T10:59:00,6,270,6,250,14,230
2020-08-06T11:59:00,2020-08-05T11:59:00,2020-08-04T11:59:00,7,350,7,210,14,230
2020-08-06T12:59:00,2020-08-05T12:59:00,2020-08-04T12:59:00,13,80,7,220,10,230
2020-08-06T13:59:00,2020-08-05T13:59:00,2020-08-04T13:59:00,13,80,8,60,9,220
2020-08-06T14:59:00,2020-08-05T14:59:00,2020-08-04T14:59:00,13,80,7,80,10,210
2020-08-06T15:59:00,2020-08-05T15:59:00,2020-08-04T15:59:00,13,80,0,0,7,220
2020-08-06T16:59:00,2020-08-05T16:59:00,2020-08-04T16:59:00,13,80,10,100,11,210
2020-08-06T17:59:00,2020-08-05T17:59:00,2020-08-04T17:59:00,13,80,5,170,6,210
2020-08-06T18:59:00,2020-08-05T18:59:00,2020-08-04T18:59:00,13,80,5,130,8,190
2020-08-06T19:59:00,2020-08-05T19:59:00,2020-08-04T19:59:00,13,80,5,160,5,190
2020-08-06T20:59:00,2020-08-05T20:59:00,2020-08-04T20:59:00,13,80,3,150,5,180
2020-08-06T21:59:00,2020-08-05T21:59:00,2020-08-04T21:59:00,13,80,0,0,6,180
2020-08-06T22:59:00,2020-08-05T22:59:00,2020-08-04T22:59:00,8,300,3,170,7,200
2020-08-06T23:59:00,2020-08-05T23:59:00,2020-08-04T23:59:00,0,0,3,170,6,210
2020-08-08T00:59:00,2020-08-07T00:59:00,2020-08-06T00:59:00,5,220,6,160,0,0
2020-08-08T01:59:00,2020-08-07T01:59:00,2020-08-06T01:59:00,6,160,7,170,0,0
2020-08-08T02:59:00,2020-08-07T02:59:00,2020-08-06T02:59:00,0,0,0,0,3,170
2020-08-08T03:59:00,2020-08-07T03:59:00,2020-08-06T03:59:00,5,180,0,0,3,220
2020-08-08T04:59:00,2020-08-07T04:59:00,2020-08-06T04:59:00,5,170,0,0,5,190
2020-08-08T05:59:00,2020-08-07T05:59:00,2020-08-06T05:59:00,5,170,0,0,3,190
2020-08-08T06:59:00,2020-08-07T06:59:00,2020-08-06T06:59:00,0,0,0,0,3,210
2020-08-08T07:59:00,2020-08-07T07:59:00,2020-08-06T07:59:00,6,200,3,210,7,210
2020-08-08T08:59:00,2020-08-07T08:59:00,2020-08-06T08:59:00,3,230,0,0,5,210
2020-08-08T09:59:00,2020-08-07T09:59:00,2020-08-06T09:59:00,5,230,0,0,6,270
2020-08-08T10:59:00,2020-08-07T10:59:00,2020-08-06T10:59:00,3,230,0,0,6,270
2020-08-08T11:59:00,2020-08-07T11:59:00,2020-08-06T11:59:00,10,30,5,210,7,350
2020-08-08T12:59:00,2020-08-07T12:59:00,2020-08-06T12:59:00,16,80,8,290,13,80
2020-08-08T13:59:00,2020-08-07T13:59:00,2020-08-06T13:59:00,14,70,7,290,13,80
2020-08-08T14:59:00,2020-08-07T14:59:00,2020-08-06T14:59:00,10,100,5,290,13,80
2020-08-08T15:59:00,2020-08-07T15:59:00,2020-08-06T15:59:00,8,110,16,110,13,80
2020-08-08T16:59:00,2020-08-07T16:59:00,2020-08-06T16:59:00,6,110,16,110,13,80
2020-08-08T17:59:00,2020-08-07T17:59:00,2020-08-06T17:59:00,3,140,6,200,13,80
2020-08-08T18:59:00,2020-08-07T18:59:00,2020-08-06T18:59:00,0,0,5,170,13,80
2020-08-08T19:59:00,2020-08-07T19:59:00,2020-08-06T19:59:00,0,0,6,200,13,80
2020-08-08T20:59:00,2020-08-07T20:59:00,2020-08-06T20:59:00,5,130,6,170,13,80
2020-08-08T21:59:00,2020-08-07T21:59:00,2020-08-06T21:59:00,3,230,0,0,13,80
2020-08-08T22:59:00,2020-08-07T22:59:00,2020-08-06T22:59:00,3,90,0,0,8,300
2020-08-08T23:59:00,2020-08-07T23:59:00,2020-08-06T23:59:00,0,0,3,190,0,0
2020-08-10T00:59:00,2020-08-09T00:59:00,2020-08-08T00:59:00,3,170,3,150,5,220
2020-08-10T01:59:00,2020-08-09T01:59:00,2020-08-08T01:59:00,3,180,3,50,6,160
2020-08-10T02:59:00,2020-08-09T02:59:00,2020-08-08T02:59:00,3,200,0,0,0,0
2020-08-10T03:59:00,2020-08-09T03:59:00,2020-08-08T03:59:00,0,0,0,0,5,180
2020-08-10T04:59:00,2020-08-09T04:59:00,2020-08-08T04:59:00,3,180,0,0,5,170
2020-08-10T05:59:00,2020-08-09T05:59:00,2020-08-08T05:59:00,0,0,0,0,5,170
2020-08-10T06:59:00,2020-08-09T06:59:00,2020-08-08T06:59:00,3,190,0,0,0,0
2020-08-10T07:59:00,2020-08-09T07:59:00,2020-08-08T07:59:00,0,0,0,0,6,200
2020-08-10T08:59:00,2020-08-09T08:59:00,2020-08-08T08:59:00,3,0,6,20,3,230
2020-08-10T09:59:00,2020-08-09T09:59:00,2020-08-08T09:59:00,7,60,7,100,5,230
2020-08-10T10:59:00,2020-08-09T10:59:00,2020-08-08T10:59:00,8,40,5,100,3,230
2020-08-10T11:59:00,2020-08-09T11:59:00,2020-08-08T11:59:00,8,50,9,60,10,30
2020-08-10T12:59:00,2020-08-09T12:59:00,2020-08-08T12:59:00,7,90,11,50,16,80
2020-08-10T13:59:00,2020-08-09T13:59:00,2020-08-08T13:59:00,8,90,14,70,14,70
2020-08-10T14:59:00,2020-08-09T14:59:00,2020-08-08T14:59:00,8,140,11,80,10,100
2020-08-10T15:59:00,2020-08-09T15:59:00,2020-08-08T15:59:00,9,120,8,130,8,110
2020-08-10T16:59:00,2020-08-09T16:59:00,2020-08-08T16:59:00,7,150,8,120,6,110
2020-08-10T17:59:00,2020-08-09T17:59:00,2020-08-08T17:59:00,11,160,5,130,3,140
2020-08-10T18:59:00,2020-08-09T18:59:00,2020-08-08T18:59:00,6,210,7,150,0,0
2020-08-10T19:59:00,2020-08-09T19:59:00,2020-08-08T19:59:00,6,210,5,160,0,0
2020-08-10T20:59:00,2020-08-09T20:59:00,2020-08-08T20:59:00,0,0,6,160,5,130
2020-08-10T21:59:00,2020-08-09T21:59:00,2020-08-08T21:59:00,0,0,8,170,3,230
2020-08-10T22:59:00,2020-08-09T22:59:00,2020-08-08T22:59:00,3,210,6,170,3,90
2020-08-10T23:59:00,2020-08-09T23:59:00,2020-08-08T23:59:00,5,200,5,170,0,0
2020-08-12T00:59:00,2020-08-11T00:59:00,2020-08-10T00:59:00,5,190,5,190,3,170
2020-08-12T01:59:00,2020-08-11T01:59:00,2020-08-10T01:59:00,6,200,3,170,3,180
2020-08-12T02:59:00,2020-08-11T02:59:00,2020-08-10T02:59:00,6,190,5,180,3,200
2020-08-12T03:59:00,2020-08-11T03:59:00,2020-08-10T03:59:00,3,200,3,200,0,0
2020-08-12T04:59:00,2020-08-11T04:59:00,2020-08-10T04:59:00,0,0,5,200,3,180
2020-08-12T05:59:00,2020-08-11T05:59:00,2020-08-10T05:59:00,0,0,3,190,0,0
2020-08-12T06:59:00,2020-08-11T06:59:00,2020-08-10T06:59:00,3,160,3,190,3,190
2020-08-12T07:59:00,2020-08-11T07:59:00,2020-08-10T07:59:00,5,170,6,180,0,0
2020-08-12T08:59:00,2020-08-11T08:59:00,2020-08-10T08:59:00,0,0,8,180,3,0
2020-08-12T09:59:00,2020-08-11T09:59:00,2020-08-10T09:59:00,5,0,7,180,7,60
2020-08-12T10:59:00,2020-08-11T10:59:00,2020-08-10T10:59:00,3,0,7,200,8,40
2020-08-12T11:59:00,2020-08-11T11:59:00,2020-08-10T11:59:00,9,20,8,260,8,50
2020-08-12T12:59:00,2020-08-11T12:59:00,2020-08-10T12:59:00,8,20,6,260,7,90
2020-08-12T13:59:00,2020-08-11T13:59:00,2020-08-10T13:59:00,3,100,6,250,8,90
2020-08-12T14:59:00,2020-08-11T14:59:00,2020-08-10T14:59:00,6,100,6,250,8,140
2020-08-12T15:59:00,2020-08-11T15:59:00,2020-08-10T15:59:00,0,0,6,250,9,120
2020-08-12T16:59:00,2020-08-11T16:59:00,2020-08-10T16:59:00,0,0,6,250,7,150
2020-08-12T17:59:00,2020-08-11T17:59:00,2020-08-10T17:59:00,0,0,6,250,11,160
2020-08-12T18:59:00,2020-08-11T18:59:00,2020-08-10T18:59:00,0,0,0,0,6,210
2020-08-12T19:59:00,2020-08-11T19:59:00,2020-08-10T19:59:00,3,0,3,140,6,210
2020-08-12T20:59:00,2020-08-11T20:59:00,2020-08-10T20:59:00,6,360,6,160,0,0
2020-08-12T21:59:00,2020-08-11T21:59:00,2020-08-10T21:59:00,6,40,6,170,0,0
2020-08-12T22:59:00,2020-08-11T22:59:00,2020-08-10T22:59:00,0,0,6,210,3,210
2020-08-12T23:59:00,2020-08-11T23:59:00,2020-08-10T23:59:00,3,210,6,200,5,200
2020-08-14T00:59:00,2020-08-13T00:59:00,2020-08-12T00:59:00,6,130,5,180,5,190
2020-08-14T01:59:00,2020-08-13T01:59:00,2020-08-12T01:59:00,0,0,3,160,6,200
2020-08-14T02:59:00,2020-08-13T02:59:00,2020-08-12T02:59:00,0,0,0,0,6,190
2020-08-14T03:59:00,2020-08-13T03:59:00,2020-08-12T03:59:00,0,0,0,0,3,200
2020-08-14T04:59:00,2020-08-13T04:59:00,2020-08-12T04:59:00,0,0,0,0,0,0
2020-08-14T05:59:00,2020-08-13T05:59:00,2020-08-12T05:59:00,0,0,0,0,0,0
2020-08-14T06:59:00,2020-08-13T06:59:00,2020-08-12T06:59:00,0,0,3,120,3,160
2020-08-14T07:59:00,2020-08-13T07:59:00,2020-08-12T07:59:00,10,40,0,0,5,170
2020-08-14T08:59:00,2020-08-13T08:59:00,2020-08-12T08:59:00,10,20,0,0,0,0
2020-08-14T09:59:00,2020-08-13T09:59:00,2020-08-12T09:59:00,10,20,0,0,5,0
2020-08-14T10:59:00,2020-08-13T10:59:00,2020-08-12T10:59:00,10,20,7,0,3,0
2020-08-14T11:59:00,2020-08-13T11:59:00,2020-08-12T11:59:00,10,20,15,70,9,20
2020-08-14T12:59:00,2020-08-13T12:59:00,2020-08-12T12:59:00,11,360,15,70,8,20
2020-08-14T13:59:00,2020-08-13T13:59:00,2020-08-12T13:59:00,11,360,16,70,3,100
2020-08-14T14:59:00,2020-08-13T14:59:00,2020-08-12T14:59:00,5,360,14,70,6,100
2020-08-14T15:59:00,2020-08-13T15:59:00,2020-08-12T15:59:00,9,70,11,80,0,0
2020-08-14T16:59:00,2020-08-13T16:59:00,2020-08-12T16:59:00,8,80,11,70,0,0
2020-08-14T17:59:00,2020-08-13T17:59:00,2020-08-12T17:59:00,7,70,10,60,0,0
2020-08-14T18:59:00,2020-08-13T18:59:00,2020-08-12T18:59:00,9,70,9,70,0,0
2020-08-14T19:59:00,2020-08-13T19:59:00,2020-08-12T19:59:00,7,60,9,70,3,0
2020-08-14T20:59:00,2020-08-13T20:59:00,2020-08-12T20:59:00,9,50,6,100,6,360
2020-08-14T21:59:00,2020-08-13T21:59:00,2020-08-12T21:59:00,9,60,6,90,6,40
2020-08-14T22:59:00,2020-08-13T22:59:00,2020-08-12T22:59:00,6,90,5,100,0,0
2020-08-14T23:59:00,2020-08-13T23:59:00,2020-08-12T23:59:00,5,80,6,120,3,210
2020-08-16T00:59:00,2020-08-15T00:59:00,2020-08-14T00:59:00,17,100,5,80,6,130
2020-08-16T01:59:00,2020-08-15T01:59:00,2020-08-14T01:59:00,17,100,5,80,0,0
2020-08-16T02:59:00,2020-08-15T02:59:00,2020-08-14T02:59:00,17,100,0,0,0,0
2020-08-16T03:59:00,2020-08-15T03:59:00,2020-08-14T03:59:00,3,240,0,0,0,0
2020-08-16T04:59:00,2020-08-15T04:59:00,2020-08-14T04:59:00,5,240,0,0,0,0
2020-08-16T05:59:00,2020-08-15T05:59:00,2020-08-14T05:59:00,11,300,0,0,0,0
2020-08-16T06:59:00,2020-08-15T06:59:00,2020-08-14T06:59:00,10,310,0,0,0,0
2020-08-16T07:59:00,2020-08-15T07:59:00,2020-08-14T07:59:00,10,290,0,0,10,40
2020-08-16T08:59:00,2020-08-15T08:59:00,2020-08-14T08:59:00,6,250,0,0,10,20
2020-08-16T09:59:00,2020-08-15T09:59:00,2020-08-14T09:59:00,8,250,0,0,10,20
2020-08-16T10:59:00,2020-08-15T10:59:00,2020-08-14T10:59:00,13,10,0,0,10,20
2020-08-16T11:59:00,2020-08-15T11:59:00,2020-08-14T11:59:00,13,10,13,90,10,20
2020-08-16T12:59:00,2020-08-15T12:59:00,2020-08-14T12:59:00,13,10,16,100,11,360
2020-08-16T13:59:00,2020-08-15T13:59:00,2020-08-14T13:59:00,13,10,17,100,11,360
2020-08-16T14:59:00,2020-08-15T14:59:00,2020-08-14T14:59:00,13,10,17,100,5,360
2020-08-16T15:59:00,2020-08-15T15:59:00,2020-08-14T15:59:00,13,10,17,100,9,70
2020-08-16T16:59:00,2020-08-15T16:59:00,2020-08-14T16:59:00,13,10,17,100,8,80
2020-08-16T17:59:00,2020-08-15T17:59:00,2020-08-14T17:59:00,13,10,17,100,7,70
2020-08-16T18:59:00,2020-08-15T18:59:00,2020-08-14T18:59:00,13,10,17,100,9,70
2020-08-16T19:59:00,2020-08-15T19:59:00,2020-08-14T19:59:00,13,10,17,100,7,60
2020-08-16T20:59:00,2020-08-15T20:59:00,2020-08-14T20:59:00,6,350,17,100,9,50
2020-08-16T21:59:00,2020-08-15T21:59:00,2020-08-14T21:59:00,9,310,17,100,9,60
2020-08-16T22:59:00,2020-08-15T22:59:00,2020-08-14T22:59:00,3,110,17,100,6,90
2020-08-16T23:59:01,2020-08-15T23:59:00,2020-08-14T23:59:00,3,110,17,100,5,80
2020-08-18T00:59:00,2020-08-17T00:59:00,2020-08-16T00:59:00,7,220,3,110,17,100
2020-08-18T01:59:00,2020-08-17T01:59:00,2020-08-16T01:59:00,7,200,0,0,17,100
2020-08-18T02:59:00,2020-08-17T02:59:00,2020-08-16T02:59:00,5,210,0,0,17,100
2020-08-18T03:59:00,2020-08-17T03:59:00,2020-08-16T03:59:00,0,0,0,0,3,240
2020-08-18T04:59:00,2020-08-17T04:59:00,2020-08-16T04:59:00,0,0,3,320,5,240
2020-08-18T05:59:00,2020-08-17T05:59:00,2020-08-16T05:59:00,0,0,6,310,11,300
2020-08-18T06:59:00,2020-08-17T06:59:00,2020-08-16T06:59:00,5,240,6,320,10,310
2020-08-18T07:59:00,2020-08-17T07:59:00,2020-08-16T07:59:00,5,290,8,320,10,290
2020-08-18T08:59:00,2020-08-17T08:59:00,2020-08-16T08:59:00,5,340,8,320,6,250
2020-08-18T09:59:00,2020-08-17T09:59:00,2020-08-16T09:59:00,0,0,5,350,8,250
2020-08-18T10:59:00,2020-08-17T10:59:00,2020-08-16T10:59:00,3,0,6,350,13,10
2020-08-18T11:59:00,2020-08-17T11:59:00,2020-08-16T11:59:00,7,10,7,350,13,10
2020-08-18T12:59:00,2020-08-17T12:59:00,2020-08-16T12:59:00,6,10,6,340,13,10
2020-08-18T13:59:00,2020-08-17T13:59:00,2020-08-16T13:59:00,6,70,5,80,13,10
2020-08-18T14:59:00,2020-08-17T14:59:00,2020-08-16T14:59:00,7,70,8,80,13,10
2020-08-18T15:59:00,2020-08-17T15:59:00,2020-08-16T15:59:00,8,80,8,80,13,10
2020-08-18T16:59:00,2020-08-17T16:59:00,2020-08-16T16:59:00,6,90,10,140,13,10
2020-08-18T17:59:00,2020-08-17T17:59:00,2020-08-16T17:59:00,7,100,8,160,13,10
2020-08-18T18:59:00,2020-08-17T18:59:00,2020-08-16T18:59:00,6,120,8,160,13,10
2020-08-18T19:59:00,2020-08-17T19:59:00,2020-08-16T19:59:00,6,160,7,150,13,10
2020-08-18T20:59:00,2020-08-17T20:59:00,2020-08-16T20:59:00,6,140,8,160,6,350
2020-08-18T21:59:00,2020-08-17T21:59:00,2020-08-16T21:59:00,5,160,8,170,9,310
2020-08-18T22:59:00,2020-08-17T22:59:00,2020-08-16T22:59:00,3,150,7,180,3,110
2020-08-18T23:59:00,2020-08-17T23:59:00,2020-08-16T23:59:01,5,160,7,210,3,110
2020-08-20T00:59:00,2020-08-19T00:59:00,2020-08-18T00:59:00,8,60,6,140,7,220
2020-08-20T01:59:00,2020-08-19T01:59:00,2020-08-18T01:59:00,9,60,5,160,7,200
2020-08-20T02:59:00,2020-08-19T02:59:00,2020-08-18T02:59:00,9,70,5,160,5,210
2020-08-20T03:59:00,2020-08-19T03:59:00,2020-08-18T03:59:00,7,60,3,160,0,0
2020-08-20T04:59:00,2020-08-19T04:59:00,2020-08-18T04:59:00,7,60,0,0,0,0
2020-08-20T05:59:00,2020-08-19T05:59:00,2020-08-18T05:59:00,7,70,5,180,0,0
2020-08-20T06:59:00,2020-08-19T06:59:00,2020-08-18T06:59:00,9,70,5,180,5,240
2020-08-20T07:59:00,2020-08-19T07:59:00,2020-08-18T07:59:00,10,80,0,0,5,290
2020-08-20T08:59:00,2020-08-19T08:59:00,2020-08-18T08:59:00,10,80,0,0,5,340
2020-08-20T09:59:00,2020-08-19T09:59:00,2020-08-18T09:59:00,13,60,8,290,0,0
2020-08-20T10:59:00,2020-08-19T10:59:00,2020-08-18T10:59:00,13,60,11,10,3,0
2020-08-20T11:59:00,2020-08-19T11:59:00,2020-08-18T11:59:00,14,60,15,30,7,10
2020-08-20T12:59:00,2020-08-19T12:59:00,2020-08-18T12:59:00,15,70,10,30,6,10
2020-08-20T13:59:00,2020-08-19T13:59:00,2020-08-18T13:59:00,16,80,8,70,6,70
2020-08-20T14:59:00,2020-08-19T14:59:00,2020-08-18T14:59:00,14,60,8,60,7,70
2020-08-20T15:59:00,2020-08-19T15:59:00,2020-08-18T15:59:00,10,90,9,80,8,80
2020-08-20T16:59:00,2020-08-19T16:59:00,2020-08-18T16:59:00,13,80,8,60,6,90
2020-08-20T17:59:00,2020-08-19T17:59:00,2020-08-18T17:59:00,8,100,8,60,7,100
2020-08-20T18:59:00,2020-08-19T18:59:00,2020-08-18T18:59:00,7,130,8,60,6,120
2020-08-20T19:59:00,2020-08-19T19:59:00,2020-08-18T19:59:00,5,120,5,90,6,160
2020-08-20T20:59:00,2020-08-19T20:59:00,2020-08-18T20:59:00,3,140,6,90,6,140
2020-08-20T21:59:00,2020-08-19T21:59:00,2020-08-18T21:59:00,3,120,6,60,5,160
2020-08-20T22:59:00,2020-08-19T22:59:00,2020-08-18T22:59:00,5,110,7,30,3,150
2020-08-20T23:59:00,2020-08-19T23:59:00,2020-08-18T23:59:00,0,0,9,40,5,160
2020-08-22T00:59:00,2020-08-21T00:59:00,2020-08-20T00:59:00,0,0,0,0,8,60
2020-08-22T01:59:00,2020-08-21T01:59:00,2020-08-20T01:59:00,0,0,0,0,9,60
2020-08-22T02:59:00,2020-08-21T02:59:00,2020-08-20T02:59:00,0,0,0,0,9,70
2020-08-22T03:59:00,2020-08-21T03:59:00,2020-08-20T03:59:00,0,0,3,130,7,60
2020-08-22T04:59:00,2020-08-21T04:59:00,2020-08-20T04:59:00,0,0,0,0,7,60
2020-08-22T05:59:00,2020-08-21T05:59:00,2020-08-20T05:59:00,3,150,0,0,7,70
2020-08-22T06:59:00,2020-08-21T06:59:00,2020-08-20T06:59:00,5,150,0,0,9,70
2020-08-22T07:59:00,2020-08-21T07:59:00,2020-08-20T07:59:00,5,150,3,120,10,80
2020-08-22T08:59:00,2020-08-21T08:59:00,2020-08-20T08:59:00,0,0,7,70,10,80
2020-08-22T09:59:00,2020-08-21T09:59:00,2020-08-20T09:59:00,0,0,7,90,13,60
2020-08-22T10:59:00,2020-08-21T10:59:00,2020-08-20T10:59:00,7,340,8,50,13,60
2020-08-22T11:59:00,2020-08-21T11:59:00,2020-08-20T11:59:00,7,340,13,60,14,60
2020-08-22T12:59:00,2020-08-21T12:59:00,2020-08-20T12:59:00,7,90,11,80,15,70
2020-08-22T13:59:00,2020-08-21T13:59:00,2020-08-20T13:59:00,3,100,10,100,16,80
2020-08-22T14:59:00,2020-08-21T14:59:00,2020-08-20T14:59:00,6,30,11,110,14,60
2020-08-22T15:59:00,2020-08-21T15:59:00,2020-08-20T15:59:00,7,100,10,120,10,90
2020-08-22T16:59:00,2020-08-21T16:59:00,2020-08-20T16:59:00,5,60,11,100,13,80
2020-08-22T17:59:00,2020-08-21T17:59:00,2020-08-20T17:59:00,6,100,7,120,8,100
2020-08-22T18:59:00,2020-08-21T18:59:00,2020-08-20T18:59:00,3,130,6,130,7,130
2020-08-22T19:59:00,2020-08-21T19:59:00,2020-08-20T19:59:00,0,0,5,130,5,120
2020-08-22T20:59:00,2020-08-21T20:59:00,2020-08-20T20:59:00,0,0,5,130,3,140
2020-08-22T21:59:00,2020-08-21T21:59:00,2020-08-20T21:59:00,0,0,0,0,3,120
2020-08-22T22:59:00,2020-08-21T22:59:00,2020-08-20T22:59:00,3,190,0,0,5,110
2020-08-22T23:59:00,2020-08-21T23:59:00,2020-08-20T23:59:00,6,230,0,0,0,0
2020-08-24T00:59:00,2020-08-23T00:59:00,2020-08-22T00:59:00,9,220,7,220,0,0
2020-08-24T01:59:00,2020-08-23T01:59:00,2020-08-22T01:59:00,9,220,6,210,0,0
2020-08-24T02:59:00,2020-08-23T02:59:00,2020-08-22T02:59:00,7,230,5,220,0,0
2020-08-24T03:59:00,2020-08-23T03:59:00,2020-08-22T03:59:00,7,230,7,230,0,0
2020-08-24T04:59:00,2020-08-23T04:59:00,2020-08-22T04:59:00,7,230,8,240,0,0
2020-08-24T05:59:00,2020-08-23T05:59:00,2020-08-22T05:59:00,7,220,5,230,3,150
2020-08-24T06:59:00,2020-08-23T06:59:00,2020-08-22T06:59:00,9,240,6,230,5,150
2020-08-24T07:59:00,2020-08-23T07:59:00,2020-08-22T07:59:00,10,220,7,240,5,150
2020-08-24T08:59:00,2020-08-23T08:59:00,2020-08-22T08:59:00,8,220,6,230,0,0
2020-08-24T09:59:00,2020-08-23T09:59:00,2020-08-22T09:59:00,9,220,6,240,0,0
2020-08-24T10:59:00,2020-08-23T10:59:00,2020-08-22T10:59:00,10,230,7,240,7,340
2020-08-24T11:59:00,2020-08-23T11:59:00,2020-08-22T11:59:00,10,220,8,250,7,340
2020-08-24T12:59:00,2020-08-23T12:59:00,2020-08-22T12:59:00,11,240,8,280,7,90
2020-08-24T13:59:00,2020-08-23T13:59:00,2020-08-22T13:59:00,9,230,9,280,3,100
2020-08-24T14:59:00,2020-08-23T14:59:00,2020-08-22T14:59:00,9,240,8,260,6,30
2020-08-24T15:59:00,2020-08-23T15:59:00,2020-08-22T15:59:00,9,220,11,210,7,100
2020-08-24T16:59:00,2020-08-23T16:59:00,2020-08-22T16:59:00,9,220,11,230,5,60
2020-08-24T17:59:00,2020-08-23T17:59:00,2020-08-22T17:59:00,8,220,13,220,6,100
2020-08-24T18:59:00,2020-08-23T18:59:00,2020-08-22T18:59:00,7,210,9,230,3,130
2020-08-24T19:59:00,2020-08-23T19:59:00,2020-08-22T19:59:00,7,210,7,210,0,0
2020-08-24T20:59:00,2020-08-23T20:59:00,2020-08-22T20:59:00,9,210,10,220,0,0
2020-08-24T21:59:00,2020-08-23T21:59:00,2020-08-22T21:59:00,10,230,8,220,0,0
2020-08-24T22:59:00,2020-08-23T22:59:00,2020-08-22T22:59:00,10,230,8,210,3,190
2020-08-24T23:59:00,2020-08-23T23:59:00,2020-08-22T23:59:00,8,230,6,210,6,230
2020-08-26T00:59:00,2020-08-25T00:59:00,2020-08-24T00:59:00,10,280,10,240,9,220
2020-08-26T01:59:00,2020-08-25T01:59:00,2020-08-24T01:59:00,10,320,8,240,9,220
2020-08-26T02:59:00,2020-08-25T02:59:00,2020-08-24T02:59:00,11,340,8,230,7,230
2020-08-26T03:59:00,2020-08-25T03:59:00,2020-08-24T03:59:00,11,350,5,230,7,230
2020-08-26T04:59:00,2020-08-25T04:59:00,2020-08-24T04:59:00,10,360,9,240,7,230
2020-08-26T05:59:00,2020-08-25T05:59:00,2020-08-24T05:59:00,9,350,13,260,7,220
2020-08-26T06:59:00,2020-08-25T06:59:00,2020-08-24T06:59:00,8,350,11,270,9,240
2020-08-26T07:59:00,2020-08-25T07:59:00,2020-08-24T07:59:00,10,350,13,260,10,220
2020-08-26T08:59:00,2020-08-25T08:59:00,2020-08-24T08:59:00,11,360,10,270,8,220
2020-08-26T09:59:00,2020-08-25T09:59:00,2020-08-24T09:59:00,9,350,10,280,9,220
2020-08-26T10:59:00,2020-08-25T10:59:00,2020-08-24T10:59:00,7,10,10,280,10,230
2020-08-26T11:59:00,2020-08-25T11:59:00,2020-08-24T11:59:00,7,350,10,280,10,220
2020-08-26T12:59:00,2020-08-25T12:59:00,2020-08-24T12:59:00,10,350,10,280,11,240
2020-08-26T13:59:00,2020-08-25T13:59:00,2020-08-24T13:59:00,7,280,10,280,9,230
2020-08-26T14:59:00,2020-08-25T14:59:00,2020-08-24T14:59:00,10,280,10,280,9,240
2020-08-26T15:59:00,2020-08-25T15:59:00,2020-08-24T15:59:00,10,280,10,280,9,220
2020-08-26T16:59:00,2020-08-25T16:59:00,2020-08-24T16:59:00,10,310,10,280,9,220
2020-08-26T17:59:00,2020-08-25T17:59:00,2020-08-24T17:59:00,7,280,10,280,8,220
2020-08-26T18:59:00,2020-08-25T18:59:00,2020-08-24T18:59:00,3,220,10,280,7,210
2020-08-26T19:59:00,2020-08-25T19:59:00,2020-08-24T19:59:00,3,210,10,280,7,210
2020-08-26T20:59:00,2020-08-25T20:59:00,2020-08-24T20:59:00,3,210,10,280,9,210
2020-08-26T21:59:00,2020-08-25T21:59:00,2020-08-24T21:59:00,5,190,10,280,10,230
2020-08-26T22:59:00,2020-08-25T22:59:00,2020-08-24T22:59:00,5,190,10,280,10,230
2020-08-26T23:59:00,2020-08-25T23:59:00,2020-08-24T23:59:00,3,200,10,280,8,230
2020-08-28T00:59:00,2020-08-27T00:59:00,2020-08-26T00:59:00,7,220,6,200,10,280
2020-08-28T01:59:00,2020-08-27T01:59:00,2020-08-26T01:59:00,6,250,7,210,10,320
2020-08-28T02:59:00,2020-08-27T02:59:00,2020-08-26T02:59:00,7,230,7,210,11,340
2020-08-28T03:59:00,2020-08-27T03:59:00,2020-08-26T03:59:00,3,230,9,210,11,350
2020-08-28T04:59:00,2020-08-27T04:59:00,2020-08-26T04:59:00,6,260,9,220,10,360
2020-08-28T05:59:00,2020-08-27T05:59:00,2020-08-26T05:59:00,7,250,9,230,9,350
2020-08-28T06:59:00,2020-08-27T06:59:00,2020-08-26T06:59:00,6,260,7,230,8,350
2020-08-28T07:59:00,2020-08-27T07:59:00,2020-08-26T07:59:00,7,260,9,250,10,350
2020-08-28T08:59:00,2020-08-27T08:59:00,2020-08-26T08:59:00,7,270,9,250,11,360
2020-08-28T09:59:00,2020-08-27T09:59:00,2020-08-26T09:59:00,8,280,9,240,9,350
2020-08-28T10:59:00,2020-08-27T10:59:00,2020-08-26T10:59:00,9,290,9,250,7,10
2020-08-28T11:59:00,2020-08-27T11:59:00,2020-08-26T11:59:00,6,300,16,250,7,350
2020-08-28T12:59:00,2020-08-27T12:59:00,2020-08-26T12:59:00,3,300,11,240,10,350
2020-08-28T13:59:00,2020-08-27T13:59:00,2020-08-26T13:59:00,5,220,15,250,7,280
2020-08-28T14:59:00,2020-08-27T14:59:00,2020-08-26T14:59:00,8,220,13,250,10,280
2020-08-28T15:59:00,2020-08-27T15:59:00,2020-08-26T15:59:00,6,220,14,230,10,280
2020-08-28T16:59:00,2020-08-27T16:59:00,2020-08-26T16:59:00,9,220,10,240,10,310
2020-08-28T17:59:00,2020-08-27T17:59:00,2020-08-26T17:59:00,7,220,10,230,7,280
2020-08-28T18:59:00,2020-08-27T18:59:00,2020-08-26T18:59:00,7,210,10,230,3,220
2020-08-28T19:59:00,2020-08-27T19:59:00,2020-08-26T19:59:00,8,200,8,230,3,210
2020-08-28T20:59:00,2020-08-27T20:59:00,2020-08-26T20:59:00,6,200,10,220,3,210
2020-08-28T21:59:00,2020-08-27T21:59:00,2020-08-26T21:59:00,8,190,10,220,5,190
2020-08-28T22:59:00,2020-08-27T22:59:00,2020-08-26T22:59:00,10,200,10,220,5,190
2020-08-28T23:59:00,2020-08-27T23:59:00,2020-08-26T23:59:00,14,210,6,210,3,200
2020-08-31T00:59:00,2020-08-30T00:59:00,2020-08-29T00:59:00,0,0,10,280,11,210
2020-08-31T01:59:00,2020-08-30T01:59:00,2020-08-29T01:59:00,3,110,9,310,10,210
2020-08-31T02:59:00,2020-08-30T02:59:00,2020-08-29T02:59:00,3,130,8,350,9,220
2020-08-31T03:59:00,2020-08-30T03:59:00,2020-08-29T03:59:00,3,120,11,360,9,210
2020-08-31T04:59:00,2020-08-30T04:59:00,2020-08-29T04:59:00,5,130,11,360,7,210
2020-08-31T05:59:00,2020-08-30T05:59:00,2020-08-29T05:59:00,5,120,10,360,11,210
2020-08-31T06:59:00,2020-08-30T06:59:00,2020-08-29T06:59:00,8,120,10,20,13,210
2020-08-31T07:59:00,2020-08-30T07:59:00,2020-08-29T07:59:00,8,120,11,10,14,210
2020-08-31T08:59:00,2020-08-30T08:59:00,2020-08-29T08:59:00,11,120,10,10,10,220
2020-08-31T09:59:00,2020-08-30T09:59:00,2020-08-29T09:59:00,10,110,10,10,13,210
2020-08-31T10:59:00,2020-08-30T10:59:00,2020-08-29T10:59:00,14,110,8,360,15,210
2020-08-31T11:59:00,2020-08-30T11:59:00,2020-08-29T11:59:00,10,110,8,60,11,220
2020-08-31T12:59:00,2020-08-30T12:59:00,2020-08-29T12:59:00,15,110,6,40,11,220
2020-08-31T13:59:00,2020-08-30T13:59:00,2020-08-29T13:59:00,10,120,8,50,16,230
2020-08-31T14:59:00,2020-08-30T14:59:00,2020-08-29T14:59:00,10,110,5,10,13,230
2020-08-31T15:59:00,2020-08-30T15:59:00,2020-08-29T15:59:00,13,110,6,60,11,230
2020-08-31T16:59:00,2020-08-30T16:59:00,2020-08-29T16:59:00,10,120,7,50,9,240
2020-08-31T17:59:00,2020-08-30T17:59:00,2020-08-29T17:59:00,9,100,6,70,9,230
2020-08-31T18:59:00,2020-08-30T18:59:00,2020-08-29T18:59:00,11,120,6,120,8,230
2020-08-31T19:59:00,2020-08-30T19:59:00,2020-08-29T19:59:00,7,110,3,110,8,230
2020-08-31T20:59:00,2020-08-30T20:59:00,2020-08-29T20:59:00,0,0,0,0,10,230
2020-08-31T21:59:00,2020-08-30T21:59:00,2020-08-29T21:59:00,3,110,3,130,10,240
2020-08-31T22:59:00,2020-08-30T22:59:00,2020-08-29T22:59:00,3,50,3,150,9,250
2020-08-31T23:59:00,2020-08-30T23:59:00,2020-08-29T23:59:00,8,70,3,160,9,260
2020-09-02T00:59:00,2020-09-01T00:59:00,2020-08-31T00:59:00,3,110,7,80,0,0
2020-09-02T01:59:00,2020-09-01T01:59:00,2020-08-31T01:59:00,0,0,9,90,3,110
2020-09-02T02:59:00,2020-09-01T02:59:00,2020-08-31T02:59:00,0,0,8,100,3,130
2020-09-02T03:59:00,2020-09-01T03:59:00,2020-08-31T03:59:00,3,70,9,90,3,120
2020-09-02T04:59:00,2020-09-01T04:59:00,2020-08-31T04:59:00,0,0,9,90,5,130
2020-09-02T05:59:00,2020-09-01T05:59:00,2020-08-31T05:59:00,0,0,13,90,5,120
2020-09-02T06:59:00,2020-09-01T06:59:00,2020-08-31T06:59:00,5,160,9,90,8,120
2020-09-02T07:59:00,2020-09-01T07:59:00,2020-08-31T07:59:00,7,160,14,80,8,120
2020-09-02T08:59:00,2020-09-01T08:59:00,2020-08-31T08:59:00,6,240,13,80,11,120
2020-09-02T09:59:00,2020-09-01T09:59:00,2020-08-31T09:59:00,6,240,11,70,10,110
2020-09-02T10:59:00,2020-09-01T10:59:00,2020-08-31T10:59:00,8,270,14,80,14,110
2020-09-02T11:59:00,2020-09-01T11:59:00,2020-08-31T11:59:00,7,280,14,70,10,110
2020-09-02T12:59:00,2020-09-01T12:59:00,2020-08-31T12:59:00,7,200,14,70,15,110
2020-09-02T13:59:00,2020-09-01T13:59:00,2020-08-31T13:59:00,6,220,13,70,10,120
2020-09-02T14:59:00,2020-09-01T14:59:00,2020-08-31T14:59:00,8,240,13,70,10,110
2020-09-02T15:59:00,2020-09-01T15:59:00,2020-08-31T15:59:00,3,240,13,70,13,110
2020-09-02T16:59:00,2020-09-01T16:59:00,2020-08-31T16:59:00,9,210,13,70,10,120
2020-09-02T17:59:00,2020-09-01T17:59:00,2020-08-31T17:59:00,7,230,9,80,9,100
2020-09-02T18:59:00,2020-09-01T18:59:00,2020-08-31T18:59:00,5,210,7,90,11,120
2020-09-02T19:59:00,2020-09-01T19:59:00,2020-08-31T19:59:00,3,190,7,80,7,110
2020-09-02T20:59:00,2020-09-01T20:59:00,2020-08-31T20:59:00,8,200,7,80,0,0
2020-09-02T21:59:00,2020-09-01T21:59:00,2020-08-31T21:59:00,8,200,6,90,3,110
2020-09-02T22:59:00,2020-09-01T22:59:00,2020-08-31T22:59:00,8,200,6,70,3,50
2020-09-02T23:59:00,2020-09-01T23:59:00,2020-08-31T23:59:00,5,210,7,110,8,70
2020-09-04T00:59:00,2020-09-03T00:59:00,2020-09-02T00:59:00,8,240,7,220,3,110
2020-09-04T01:59:00,2020-09-03T01:59:00,2020-09-02T01:59:00,10,260,3,260,0,0
2020-09-04T02:59:00,2020-09-03T02:59:00,2020-09-02T02:59:00,11,280,6,270,0,0
2020-09-04T03:59:00,2020-09-03T03:59:00,2020-09-02T03:59:00,10,290,5,270,3,70
2020-09-04T04:59:00,2020-09-03T04:59:00,2020-09-02T04:59:00,10,290,5,270,0,0
2020-09-04T05:59:00,2020-09-03T05:59:00,2020-09-02T05:59:00,5,310,3,240,0,0
2020-09-04T06:59:00,2020-09-03T06:59:00,2020-09-02T06:59:00,8,290,5,220,5,160
2020-09-04T07:59:00,2020-09-03T07:59:00,2020-09-02T07:59:00,3,330,6,220,7,160
2020-09-04T08:59:00,2020-09-03T08:59:00,2020-09-02T08:59:00,7,240,6,220,6,240
2020-09-04T09:59:00,2020-09-03T09:59:00,2020-09-02T09:59:00,6,240,6,220,6,240
2020-09-04T10:59:00,2020-09-03T10:59:00,2020-09-02T10:59:00,6,260,6,220,8,270
2020-09-04T11:59:00,2020-09-03T11:59:00,2020-09-02T11:59:00,5,310,3,220,7,280
2020-09-04T12:59:00,2020-09-03T12:59:00,2020-09-02T12:59:00,5,310,10,290,7,200
2020-09-04T13:59:00,2020-09-03T13:59:00,2020-09-02T13:59:00,5,300,6,250,6,220
2020-09-04T14:59:00,2020-09-03T14:59:00,2020-09-02T14:59:00,6,200,8,210,8,240
2020-09-04T15:59:00,2020-09-03T15:59:00,2020-09-02T15:59:00,5,200,11,210,3,240
2020-09-04T16:59:00,2020-09-03T16:59:00,2020-09-02T16:59:00,8,60,9,210,9,210
2020-09-04T17:59:00,2020-09-03T17:59:00,2020-09-02T17:59:00,9,160,7,210,7,230
2020-09-04T18:59:00,2020-09-03T18:59:00,2020-09-02T18:59:00,5,150,8,210,5,210
2020-09-04T19:59:00,2020-09-03T19:59:00,2020-09-02T19:59:00,7,170,9,210,3,190
2020-09-04T20:59:00,2020-09-03T20:59:00,2020-09-02T20:59:00,6,200,9,210,8,200
2020-09-04T21:59:00,2020-09-03T21:59:00,2020-09-02T21:59:00,0,0,9,220,8,200
2020-09-04T22:59:00,2020-09-03T22:59:00,2020-09-02T22:59:00,5,30,8,220,8,200
2020-09-04T23:59:00,2020-09-03T23:59:00,2020-09-02T23:59:00,6,60,9,230,5,210
2020-09-07T00:59:00,2020-09-06T00:59:00,2020-09-05T00:59:00,0,0,3,80,6,360
2020-09-07T01:59:00,2020-09-06T01:59:00,2020-09-05T01:59:00,0,0,7,60,9,350
2020-09-07T02:59:00,2020-09-06T02:59:00,2020-09-05T02:59:00,0,0,0,0,7,350
2020-09-07T03:59:00,2020-09-06T03:59:00,2020-09-05T03:59:00,0,0,0,0,10,360
2020-09-07T04:59:00,2020-09-06T04:59:00,2020-09-05T04:59:00,0,0,0,0,10,350
2020-09-07T05:59:00,2020-09-06T05:59:00,2020-09-05T05:59:00,0,0,6,60,14,360
2020-09-07T06:59:00,2020-09-06T06:59:00,2020-09-05T06:59:00,3,0,9,50,13,340
2020-09-07T07:59:00,2020-09-06T07:59:00,2020-09-05T07:59:00,9,40,11,60,13,340
2020-09-07T08:59:00,2020-09-06T08:59:00,2020-09-05T08:59:00,8,30,13,80,18,10
2020-09-07T09:59:00,2020-09-06T09:59:00,2020-09-05T09:59:00,10,30,10,90,21,30
2020-09-07T10:59:00,2020-09-06T10:59:00,2020-09-05T10:59:00,9,70,10,70,14,20
2020-09-07T11:59:00,2020-09-06T11:59:00,2020-09-05T11:59:00,10,70,13,20,16,360
2020-09-07T12:59:00,2020-09-06T12:59:00,2020-09-05T12:59:00,11,80,10,80,13,10
2020-09-07T13:59:00,2020-09-06T13:59:00,2020-09-05T13:59:00,11,70,10,70,15,10
2020-09-07T14:59:00,2020-09-06T14:59:00,2020-09-05T14:59:00,14,70,9,80,11,20
2020-09-07T15:59:00,2020-09-06T15:59:00,2020-09-05T15:59:00,11,90,13,60,10,20
2020-09-07T16:59:00,2020-09-06T16:59:00,2020-09-05T16:59:00,13,70,9,70,10,30
2020-09-07T17:59:00,2020-09-06T17:59:00,2020-09-05T17:59:00,8,90,8,90,8,20
2020-09-07T18:59:00,2020-09-06T18:59:00,2020-09-05T18:59:00,8,90,5,90,8,50
2020-09-07T19:59:00,2020-09-06T19:59:00,2020-09-05T19:59:00,6,90,0,0,9,50
2020-09-07T20:59:00,2020-09-06T20:59:00,2020-09-05T20:59:00,7,80,0,0,7,50
2020-09-07T21:59:00,2020-09-06T21:59:00,2020-09-05T21:59:00,6,40,0,0,6,50
2020-09-07T22:59:00,2020-09-06T22:59:00,2020-09-05T22:59:00,6,30,0,0,6,50
2020-09-07T23:59:00,2020-09-06T23:59:00,2020-09-05T23:59:00,7,40,0,0,6,50
2020-09-09T00:59:00,2020-09-08T00:59:00,2020-09-07T00:59:00,10,80,7,40,0,0
2020-09-09T01:59:00,2020-09-08T01:59:00,2020-09-07T01:59:00,10,80,6,50,0,0
2020-09-09T02:59:00,2020-09-08T02:59:00,2020-09-07T02:59:00,10,80,8,70,0,0
2020-09-09T03:59:00,2020-09-08T03:59:00,2020-09-07T03:59:00,10,80,8,60,0,0
2020-09-09T04:59:00,2020-09-08T04:59:00,2020-09-07T04:59:00,10,80,7,30,0,0
2020-09-09T05:59:00,2020-09-08T05:59:00,2020-09-07T05:59:00,10,80,9,40,0,0
2020-09-09T06:59:00,2020-09-08T06:59:00,2020-09-07T06:59:00,8,70,13,40,3,0
2020-09-09T07:59:00,2020-09-08T07:59:00,2020-09-07T07:59:00,8,70,9,70,9,40
2020-09-09T08:59:00,2020-09-08T08:59:00,2020-09-07T08:59:00,8,70,14,70,8,30
2020-09-09T09:59:00,2020-09-08T09:59:00,2020-09-07T09:59:00,15,70,10,70,10,30
2020-09-09T10:59:00,2020-09-08T10:59:00,2020-09-07T10:59:00,15,70,15,80,9,70
2020-09-09T11:59:00,2020-09-08T11:59:00,2020-09-07T11:59:00,10,80,15,60,10,70
2020-09-09T12:59:00,2020-09-08T12:59:00,2020-09-07T12:59:00,10,80,13,60,11,80
2020-09-09T13:59:00,2020-09-08T13:59:00,2020-09-07T13:59:00,14,80,13,70,11,70
2020-09-09T14:59:00,2020-09-08T14:59:00,2020-09-07T14:59:00,14,80,11,70,14,70
2020-09-09T15:59:00,2020-09-08T15:59:00,2020-09-07T15:59:00,14,70,13,90,11,90
2020-09-09T16:59:00,2020-09-08T16:59:00,2020-09-07T16:59:00,11,70,13,70,13,70
2020-09-09T17:59:00,2020-09-08T17:59:00,2020-09-07T17:59:00,10,110,14,70,8,90
2020-09-09T18:59:00,2020-09-08T18:59:00,2020-09-07T18:59:00,10,110,11,80,8,90
2020-09-09T19:59:00,2020-09-08T19:59:00,2020-09-07T19:59:00,8,80,9,70,6,90
2020-09-09T20:59:00,2020-09-08T20:59:00,2020-09-07T20:59:00,11,90,13,60,7,80
2020-09-09T21:59:00,2020-09-08T21:59:00,2020-09-07T21:59:00,9,80,13,70,6,40
2020-09-09T22:59:00,2020-09-08T22:59:00,2020-09-07T22:59:00,8,90,14,80,6,30
2020-09-09T23:59:00,2020-09-08T23:59:00,2020-09-07T23:59:00,8,90,10,80,7,40
2020-09-14T00:59:00,2020-09-13T00:59:00,2020-09-12T00:59:00,0,0,10,50,17,60
2020-09-14T01:59:00,2020-09-13T01:59:00,2020-09-12T01:59:00,0,0,9,40,17,60
2020-09-14T02:59:00,2020-09-13T02:59:00,2020-09-12T02:59:00,0,0,8,50,18,70
2020-09-14T03:59:00,2020-09-13T03:59:00,2020-09-12T03:59:00,6,320,9,30,16,70
2020-09-14T04:59:00,2020-09-13T04:59:00,2020-09-12T04:59:00,6,320,7,40,16,60
2020-09-14T05:59:00,2020-09-13T05:59:00,2020-09-12T05:59:00,7,330,8,40,16,60
2020-09-14T06:59:00,2020-09-13T06:59:00,2020-09-12T06:59:00,7,320,7,50,16,60
2020-09-14T07:59:00,2020-09-13T07:59:00,2020-09-12T07:59:00,8,350,11,60,18,70
2020-09-14T08:59:00,2020-09-13T08:59:00,2020-09-12T08:59:00,13,10,10,50,17,80
2020-09-14T09:59:00,2020-09-13T09:59:00,2020-09-12T09:59:00,17,10,10,80,16,70
2020-09-14T10:59:00,2020-09-13T10:59:00,2020-09-12T10:59:00,21,10,11,70,15,60
2020-09-14T11:59:00,2020-09-13T11:59:00,2020-09-12T11:59:00,17,10,9,80,16,60
2020-09-14T12:59:00,2020-09-13T12:59:00,2020-09-12T12:59:00,16,10,8,80,17,60
2020-09-14T13:59:00,2020-09-13T13:59:00,2020-09-12T13:59:00,15,10,8,90,17,70
2020-09-14T14:59:00,2020-09-13T14:59:00,2020-09-12T14:59:00,15,10,9,60,16,60
2020-09-14T15:59:00,2020-09-13T15:59:00,2020-09-12T15:59:00,13,360,11,100,17,60
2020-09-14T16:59:00,2020-09-13T16:59:00,2020-09-12T16:59:00,15,360,9,90,17,60
2020-09-14T17:59:00,2020-09-13T17:59:00,2020-09-12T17:59:00,10,360,6,90,14,50
2020-09-14T18:59:00,2020-09-13T18:59:00,2020-09-12T18:59:00,14,360,8,120,13,60
2020-09-14T19:59:00,2020-09-13T19:59:00,2020-09-12T19:59:00,13,360,8,120,10,50
2020-09-14T20:59:00,2020-09-13T20:59:00,2020-09-12T20:59:00,16,20,3,110,13,50
2020-09-14T21:59:00,2020-09-13T21:59:00,2020-09-12T21:59:00,15,40,0,0,10,40
2020-09-14T22:59:00,2020-09-13T22:59:00,2020-09-12T22:59:00,18,40,0,0,10,60
2020-09-14T23:59:00,2020-09-13T23:59:00,2020-09-12T23:59:00,14,40,0,0,9,60
2020-09-16T00:59:00,2020-09-15T00:59:00,2020-09-14T00:59:00,6,60,16,30,0,0
2020-09-16T01:59:00,2020-09-15T01:59:00,2020-09-14T01:59:00,0,0,15,40,0,0
2020-09-16T02:59:00,2020-09-15T02:59:00,2020-09-14T02:59:00,0,0,20,40,0,0
2020-09-16T03:59:00,2020-09-15T03:59:00,2020-09-14T03:59:00,0,0,18,40,6,320
2020-09-16T04:59:00,2020-09-15T04:59:00,2020-09-14T04:59:00,0,0,15,30,6,320
2020-09-16T05:59:00,2020-09-15T05:59:00,2020-09-14T05:59:00,0,0,13,30,7,330
2020-09-16T06:59:00,2020-09-15T06:59:00,2020-09-14T06:59:00,6,50,13,20,7,320
2020-09-16T07:59:00,2020-09-15T07:59:00,2020-09-14T07:59:00,9,40,15,10,8,350
2020-09-16T08:59:00,2020-09-15T08:59:00,2020-09-14T08:59:00,9,40,13,20,13,10
2020-09-16T09:59:00,2020-09-15T09:59:00,2020-09-14T09:59:00,9,50,14,20,17,10
2020-09-16T10:59:00,2020-09-15T10:59:00,2020-09-14T10:59:00,8,70,14,360,21,10
2020-09-16T11:59:00,2020-09-15T11:59:00,2020-09-14T11:59:00,9,100,14,10,17,10
2020-09-16T12:59:00,2020-09-15T12:59:00,2020-09-14T12:59:00,8,90,13,10,16,10
2020-09-16T13:59:00,2020-09-15T13:59:00,2020-09-14T13:59:00,10,100,10,10,15,10
2020-09-16T14:59:00,2020-09-15T14:59:00,2020-09-14T14:59:00,9,100,11,10,15,10
2020-09-16T15:59:00,2020-09-15T15:59:00,2020-09-14T15:59:00,9,110,13,10,13,360
2020-09-16T16:59:00,2020-09-15T16:59:00,2020-09-14T16:59:00,10,110,9,20,15,360
2020-09-16T17:59:00,2020-09-15T17:59:00,2020-09-14T17:59:00,6,120,9,60,10,360
2020-09-16T18:59:00,2020-09-15T18:59:00,2020-09-14T18:59:00,0,0,7,70,14,360
2020-09-16T19:59:00,2020-09-15T19:59:00,2020-09-14T19:59:00,5,110,6,70,13,360
2020-09-16T20:59:00,2020-09-15T20:59:00,2020-09-14T20:59:00,6,130,10,80,16,20
2020-09-16T21:59:00,2020-09-15T21:59:00,2020-09-14T21:59:00,3,140,9,80,15,40
2020-09-16T22:59:00,2020-09-15T22:59:00,2020-09-14T22:59:00,0,0,8,70,18,40
2020-09-16T23:59:00,2020-09-15T23:59:00,2020-09-14T23:59:00,3,140,8,70,14,40
2020-09-18T00:59:00,2020-09-17T00:59:00,2020-09-16T00:59:00,18,60,5,130,6,60
2020-09-18T01:59:00,2020-09-17T01:59:00,2020-09-16T01:59:00,23,60,5,140,0,0
2020-09-18T02:59:00,2020-09-17T02:59:00,2020-09-16T02:59:00,24,50,7,130,0,0
2020-09-18T03:59:00,2020-09-17T03:59:00,2020-09-16T03:59:00,16,30,6,120,0,0
2020-09-18T04:59:00,2020-09-17T04:59:00,2020-09-16T04:59:00,21,30,5,120,0,0
2020-09-18T05:59:00,2020-09-17T05:59:00,2020-09-16T05:59:00,17,20,6,120,0,0
2020-09-18T06:59:00,2020-09-17T06:59:00,2020-09-16T06:59:00,17,20,3,120,6,50
2020-09-18T07:59:00,2020-09-17T07:59:00,2020-09-16T07:59:00,17,30,0,0,9,40
2020-09-18T08:59:00,2020-09-17T08:59:00,2020-09-16T08:59:00,18,20,0,0,9,40
2020-09-18T09:59:00,2020-09-17T09:59:00,2020-09-16T09:59:00,20,30,7,110,9,50
2020-09-18T10:59:00,2020-09-17T10:59:00,2020-09-16T10:59:00,18,20,6,80,8,70
2020-09-18T11:59:00,2020-09-17T11:59:00,2020-09-16T11:59:00,22,20,8,70,9,100
2020-09-18T12:59:00,2020-09-17T12:59:00,2020-09-16T12:59:00,22,20,9,80,8,90
2020-09-18T13:59:00,2020-09-17T13:59:00,2020-09-16T13:59:00,20,10,10,70,10,100
2020-09-18T14:59:00,2020-09-17T14:59:00,2020-09-16T14:59:00,20,10,8,80,9,100
2020-09-18T15:59:00,2020-09-17T15:59:00,2020-09-16T15:59:00,18,10,10,60,9,110
2020-09-18T16:59:00,2020-09-17T16:59:00,2020-09-16T16:59:00,22,10,9,80,10,110
2020-09-18T17:59:00,2020-09-17T17:59:00,2020-09-16T17:59:00,17,360,11,100,6,120
2020-09-18T18:59:00,2020-09-17T18:59:00,2020-09-16T18:59:00,9,30,8,60,0,0
2020-09-18T19:59:00,2020-09-17T19:59:00,2020-09-16T19:59:00,14,40,8,90,5,110
2020-09-18T20:59:00,2020-09-17T20:59:00,2020-09-16T20:59:00,16,30,13,80,6,130
2020-09-18T21:59:00,2020-09-17T21:59:00,2020-09-16T21:59:00,20,20,11,90,3,140
2020-09-18T22:59:00,2020-09-17T22:59:00,2020-09-16T22:59:00,17,30,10,80,0,0
2020-09-18T23:59:00,2020-09-17T23:59:00,2020-09-16T23:59:00,18,30,15,70,3,140
2020-09-23T00:59:00,2020-09-22T00:59:00,2020-09-21T00:59:00,5,260,15,20,18,30
2020-09-23T01:59:00,2020-09-22T01:59:00,2020-09-21T01:59:00,6,250,16,20,15,30
2020-09-23T02:59:00,2020-09-22T02:59:00,2020-09-21T02:59:00,5,240,15,20,15,30
2020-09-23T03:59:00,2020-09-22T03:59:00,2020-09-21T03:59:00,5,240,14,10,17,30
2020-09-23T04:59:00,2020-09-22T04:59:00,2020-09-21T04:59:00,3,250,14,340,24,40
2020-09-23T05:59:00,2020-09-22T05:59:00,2020-09-21T05:59:00,5,250,13,330,18,40
2020-09-23T06:59:00,2020-09-22T06:59:00,2020-09-21T06:59:00,0,0,13,330,21,40
2020-09-23T07:59:00,2020-09-22T07:59:00,2020-09-21T07:59:00,8,320,13,330,21,40
2020-09-23T08:59:00,2020-09-22T08:59:00,2020-09-21T08:59:00,7,330,11,340,20,40
2020-09-23T09:59:00,2020-09-22T09:59:00,2020-09-21T09:59:00,7,350,14,340,14,30
2020-09-23T10:59:00,2020-09-22T10:59:00,2020-09-21T10:59:00,6,290,9,350,17,30
2020-09-23T11:59:00,2020-09-22T11:59:00,2020-09-21T11:59:00,6,270,9,330,20,20
2020-09-23T12:59:00,2020-09-22T12:59:00,2020-09-21T12:59:00,6,250,16,290,18,40
2020-09-23T13:59:00,2020-09-22T13:59:00,2020-09-21T13:59:00,10,280,14,280,21,40
2020-09-23T14:59:00,2020-09-22T14:59:00,2020-09-21T14:59:00,9,290,14,320,17,20
2020-09-23T15:59:00,2020-09-22T15:59:00,2020-09-21T15:59:00,6,280,14,310,17,30
2020-09-23T16:59:00,2020-09-22T16:59:00,2020-09-21T16:59:00,5,250,13,300,18,40
2020-09-23T17:59:00,2020-09-22T17:59:00,2020-09-21T17:59:00,3,220,10,280,10,50
2020-09-23T18:59:00,2020-09-22T18:59:00,2020-09-21T18:59:00,3,220,5,270,11,40
2020-09-23T19:59:00,2020-09-22T19:59:00,2020-09-21T19:59:00,5,210,5,230,15,30
2020-09-23T20:59:00,2020-09-22T20:59:00,2020-09-21T20:59:00,3,240,6,250,16,30
2020-09-23T21:59:00,2020-09-22T21:59:00,2020-09-21T21:59:00,5,240,3,240,16,30
2020-09-23T22:59:00,2020-09-22T22:59:00,2020-09-21T22:59:00,3,240,5,250,15,30
2020-09-23T23:59:00,2020-09-22T23:59:00,2020-09-21T23:59:00,0,0,6,250,15,20
2020-09-30T00:59:00,2020-09-29T00:59:00,2020-09-28T00:59:00,11,160,7,190,5,180
2020-09-30T01:59:00,2020-09-29T01:59:00,2020-09-28T01:59:00,11,160,5,180,5,180
2020-09-30T02:59:00,2020-09-29T02:59:00,2020-09-28T02:59:00,11,160,7,190,7,210
2020-09-30T03:59:00,2020-09-29T03:59:00,2020-09-28T03:59:00,11,160,7,180,7,210
2020-09-30T04:59:00,2020-09-29T04:59:00,2020-09-28T04:59:00,10,260,6,150,7,210
2020-09-30T05:59:00,2020-09-29T05:59:00,2020-09-28T05:59:00,10,250,5,150,0,0
2020-09-30T06:59:00,2020-09-29T06:59:00,2020-09-28T06:59:00,10,260,5,180,3,180
2020-09-30T07:59:00,2020-09-29T07:59:00,2020-09-28T07:59:00,11,270,7,150,5,250
2020-09-30T08:59:00,2020-09-29T08:59:00,2020-09-28T08:59:00,13,270,7,150,6,260
2020-09-30T09:59:00,2020-09-29T09:59:00,2020-09-28T09:59:00,11,270,7,150,3,260
2020-09-30T10:59:00,2020-09-29T10:59:00,2020-09-28T10:59:00,9,250,7,150,3,260
2020-09-30T11:59:00,2020-09-29T11:59:00,2020-09-28T11:59:00,14,280,7,150,5,210
2020-09-30T12:59:00,2020-09-29T12:59:00,2020-09-28T12:59:00,11,250,11,180,8,70
2020-09-30T13:59:00,2020-09-29T13:59:00,2020-09-28T13:59:00,11,270,9,160,8,70
2020-09-30T14:59:00,2020-09-29T14:59:00,2020-09-28T14:59:00,10,270,9,160,8,160
2020-09-30T15:59:00,2020-09-29T15:59:00,2020-09-28T15:59:00,9,260,9,160,10,180
2020-09-30T16:59:00,2020-09-29T16:59:00,2020-09-28T16:59:00,10,250,9,160,8,170
2020-09-30T17:59:00,2020-09-29T17:59:00,2020-09-28T17:59:00,7,220,9,160,6,160
2020-09-30T18:59:00,2020-09-29T18:59:00,2020-09-28T18:59:00,5,230,9,160,6,160
2020-09-30T19:59:00,2020-09-29T19:59:00,2020-09-28T19:59:00,6,170,9,170,8,150
2020-09-30T20:59:00,2020-09-29T20:59:00,2020-09-28T20:59:00,5,210,11,160,8,170
2020-09-30T21:59:00,2020-09-29T21:59:00,2020-09-28T21:59:00,6,210,11,160,6,190
2020-09-30T22:59:00,2020-09-29T22:59:00,2020-09-28T22:59:00,7,210,11,160,6,180
2020-09-30T23:59:00,2020-09-29T23:59:00,2020-09-28T23:59:00,7,200,11,160,8,190
2020-10-07T00:59:00,2020-10-06T00:59:00,2020-10-05T00:59:00,10,210,0,0,9,320
2020-10-07T01:59:00,2020-10-06T01:59:00,2020-10-05T01:59:00,9,210,0,0,8,320
2020-10-07T02:59:00,2020-10-06T02:59:00,2020-10-05T02:59:00,8,210,0,0,10,320
2020-10-07T03:59:00,2020-10-06T03:59:00,2020-10-05T03:59:00,7,220,0,0,7,310
2020-10-07T04:59:00,2020-10-06T04:59:00,2020-10-05T04:59:00,8,220,0,0,7,310
2020-10-07T05:59:00,2020-10-06T05:59:00,2020-10-05T05:59:00,9,200,0,0,7,310
2020-10-07T06:59:00,2020-10-06T06:59:00,2020-10-05T06:59:00,8,210,0,0,6,310
2020-10-07T07:59:00,2020-10-06T07:59:00,2020-10-05T07:59:00,8,220,0,0,5,330
2020-10-07T08:59:00,2020-10-06T08:59:00,2020-10-05T08:59:00,8,220,0,0,8,330
2020-10-07T09:59:00,2020-10-06T09:59:00,2020-10-05T09:59:00,11,240,0,0,9,360
2020-10-07T10:59:00,2020-10-06T10:59:00,2020-10-05T10:59:00,11,240,0,0,7,20
2020-10-07T11:59:00,2020-10-06T11:59:00,2020-10-05T11:59:00,11,260,7,220,9,30
2020-10-07T12:59:00,2020-10-06T12:59:00,2020-10-05T12:59:00,16,230,9,10,9,30
2020-10-07T13:59:00,2020-10-06T13:59:00,2020-10-05T13:59:00,11,220,6,10,11,40
2020-10-07T14:59:00,2020-10-06T14:59:00,2020-10-05T14:59:00,13,230,3,10,6,30
2020-10-07T15:59:00,2020-10-06T15:59:00,2020-10-05T15:59:00,13,250,7,230,8,60
2020-10-07T16:59:00,2020-10-06T16:59:00,2020-10-05T16:59:00,10,230,5,210,8,40
2020-10-07T17:59:00,2020-10-06T17:59:00,2020-10-05T17:59:00,10,230,6,190,0,0
2020-10-07T18:59:00,2020-10-06T18:59:00,2020-10-05T18:59:00,8,220,6,210,0,0
2020-10-07T19:59:00,2020-10-06T19:59:00,2020-10-05T19:59:00,8,230,8,200,0,0
2020-10-07T20:59:00,2020-10-06T20:59:00,2020-10-05T20:59:00,9,210,6,180,0,0
2020-10-07T21:59:00,2020-10-06T21:59:00,2020-10-05T21:59:00,9,240,6,190,0,0
2020-10-07T22:59:00,2020-10-06T22:59:00,2020-10-05T22:59:00,11,260,9,200,0,0
2020-10-07T23:59:00,2020-10-06T23:59:00,2020-10-05T23:59:00,8,260,8,200,0,0
